"","Top","Age","C46","GDGT0","GDGT1","OH.GDGT0","H.GDGT0","GDGT2","OH.GDGT1","GDGT3","OH.GDGT2","GDGT4","Crenarch","Crenarch.p","IIIa_5Me","IIIa_6Me","IIIa_7Me","IIIa_8Me","IIIb_5Me","IIIb_6Me","IIIb_7Me","IIIb_8Me","H.1048","IIIc_5Me","IIIc_6Me","IIIc_7Me","OH.IIIb","IIa_5Me","IIa_6Me","IIa_7Me","IIa_8Me","IIb_5Me","IIb_6Me","IIb_7Me","IIb_8Me","H.1034","H.1034p","IIc_5Me","IIc_6Me","IIc_7Me","OH.IIb","H.1020","AR","ex.AR","H.GDGT1","X2OH.GDGT1","H.GDGT2","H.1034pp","H.1032","H.1020p","OH.Ia","H.1048p","H.1048pp","OH.IIIa","H.1046","OH.IIa","OH.Ib","All_isoGDGT","All_brGDGT","All_H.brGDGT","All_H.isoGDGT","All_OH.isoGDGT","All_OH.brGDGT","All_GDGT","Ic","Ib","Ia","IIc","IIb","IIa","IIIc","IIIb","IIIa","I","II","III","f.IIIa_5Me","f.IIIa_6Me","f.IIIa_7Me","f.IIIb_5Me","f.IIIb_6Me","f.IIIb_7Me","f.IIIc_5Me","f.IIIc_6Me","f.IIIc_7Me","f.IIa_5Me","f.IIa_6Me","f.IIa_7Me","f.IIb_5Me","f.IIb_6Me","f.IIb_7Me","f.IIc_5Me","f.IIc_6Me","f.IIc_7Me","f.Ia","f.Ib","f.Ic","f.HbrGDGT","f.HisoGDGT","BIT","GDGT0.Crenar","IIIa.IIa","Ib.Ia","TEX86","MI","MBT","MBTp","MBTp5Me","MBTp6Me","MBTm","CBT","CBTp","CBT5Me","CBT6Me","Rib","Index1","Index2","IBT","DC","IR6Me","IR.IIap","IR.IIIap","IR","CI","IR7Me","IR6_7Me","IRp6_7Me","pCren","pCren.p","ACE","REA","MAAT_MBTp_DJ","MAAT_DJ_5Me","MAAT_soil_Naaf","MAAT_soil5Me_Naaf","MAAT_bog5Me_Naaf","MAAT_Ding","MAAT_Wang","MCQT_Ding","MAAT_Chen_Tjk","MAAT_mr_DJ","MAAT_mrs_DJ","MAAT_mr_Yang","MAAT_mr_Tibet","MAAT_LSun","MAF_MSosa","TsumL_mr_Pears1","TsumL_mr_Pears2","TgrowL_mr_Dang","LST_TEX86","MAF_meth_Raberg","MAF_full_Raberg","DeltaMBT"
"GKA1",0,-69,1711428.12500001,201177.26562501,20626.396484385,7110.4814453225,1e-08,87636.70312501,6096.48388672875,10617.62890626,4525.12939454125,45162.28906251,87536.28125001,2263.626953135,2843731.00000001,1297387.00000001,266128.40625001,49832.15625001,60720.85156251,100801.52343751,63969.81250001,7183.10156251,743218.50000001,12224.458984385,24779.529296885,9464.4873046975,66507.64062501,7258143.50000001,1658730.75000001,485530.12500001,237382.93750001,1051301.12500001,582987.87500001,35784.51171876,28574.416015635,329691.90625001,62541.78125001,94654.70312501,68946.85937501,14000.9775390725,46658.44921876,257145.39062501,0,0,0,0,0,0,0,0,0,0,0,0,0,0,0,472752.286132923,22892323.1953127,1330055.79687503,1e-08,17732.0947265925,46658.44921876,24759521.822266,413116.96875001,2743846.75000001,3535139.25000001,163601.56250002,1670073.51171878,9402404.37500003,37003.98828127,225492.18750003,4407246.40625003,6692102.96875003,11236079.4492188,4669742.58203133,0.125709823382407,0.0573522216512856,0.011764458363583,0.00268422277829812,0.00445602685626979,0.00282784617503623,0.000540393792476334,0.00109540257197695,0.000418386629213015,0.320853110744007,0.0733257645049651,0.0214633192311753,0.0464737623725581,0.0257715314143061,0.00158188824751392,0.004184300840044,0.00304786124805903,0.000618926478495277,0.156274180205412,0.121294345467589,0.0182622270453285,0.0712217819154314,3.12443375359176e-14,0.994978508336708,2.29821581122955,0.468736105199689,0.776163697087746,0.829737040536743,0.569677811918163,0.292329568810223,0.29572046498518,0.373028308300105,0.649708929074429,0.177127512259457,0.478458979792289,0.517011372083597,0.453924851847093,0.193459862371864,0.020651127546099,-0.0913563334293644,0.100928193842928,0.533680239612886,0.260147782345848,0.248009303687313,0.186021547853499,0.313293897928048,0.226383788058996,0.2592311861532,0.0544299449100174,0.151219624298665,0.165662665018188,0.18516310511378,0.0252074528630278,0,NA,7.26447199911831,3.1617402960383,-0.325137384912807,0.0816765714510979,-3.58538287290053,3.34908816679921,-8.24417549265334,-3.04516654683274,8.26214351936201,4.43563367220379,2.35645767881391,14.9835651815701,18.7065573678016,15.5275096710936,12.3592769433368,25.5047436741454,26.3716865821031,-2.74358199759891,31.8014846376282,9.8254221761946,12.4021479962771,-0.276680620774324
"GKA15",15,796,1297533.25000001,92072.41406251,7449.9208984475,5307.958984385,1e-08,31483.35937501,1e-08,2211.03149415062,1e-08,11002.568359385,25874.642578135,2464.14892579125,903673.62500001,687928.18750001,126079.00000001,20995.04296876,65754.60000001,57157.80000001,26353.30000001,7903.10000001,256504.15625001,8356.318359385,4289.38281251,4958.28125001,1e-08,2140762.00000001,956066.43750001,494788.03125001,187842.68750001,1315706.37500001,476474.84375001,94533.02343751,12640.9833984475,144075.95312501,24137.767578135,157398.56250001,28167.482421885,11107.6240234475,1e-08,73868.36718751,0,0,0,0,0,0,0,0,0,0,0,0,0,0,0,177866.044677844,10492068.9875002,474448.47656253,1e-08,5307.958984405,1e-08,11149691.467725,353271.93750001,1203719.50000001,1174847.75000001,185566.044921895,1886714.24218753,3591616.46875003,12645.701171895,149265.70000003,1717680.81250003,2731839.18750003,5663896.75585946,1879592.21367196,0.087808669994473,0.0668449952781168,0.0122509155938173,0.00638928016961809,0.00555394144408156,0.0025607123622383,0.000811971469442838,0.000416793175593291,0.00048178907735844,0.208014773026829,0.0928996044376408,0.0480778433178756,0.12784530132989,0.0462983771552614,0.00918563829790209,0.015294192560027,0.00273699386607459,0.00107931189459864,0.114158270773366,0.116963697309869,0.0343269274659268,0.0681816628647519,7.50656491344153e-14,0.996025412537207,3.55840332033473,0.478247281536111,1.02457488640549,0.829163405908177,0.592148448045267,0.260371828545411,0.264452808649846,0.376837644282603,0.559748497867548,0.137566065130499,0.218455489314086,0.216429756903616,0.119261822733457,0.103206442553323,0.0169524280568252,0.0133842759696767,0.110943270992865,0.267606401981281,0.431775577205667,0.324929438474678,0.308724379407926,0.432223802522216,0.350649265817702,0.27844722565002,0.11693958698501,0.220934512729844,0.232520745152711,0.145472637146679,0.0869532113057767,0,NA,7.76939444373435,3.28154391268786,-0.172725852253064,0.230583515006943,-3.38661172133379,3.38992459918857,-5.35019245495783,-3.48409677179002,8.33528277022597,7.38308998681072,3.7201373398374,15.674993554133,19.5343468062945,17.1272753492374,12.4862548094201,32.598980216837,28.0778836948895,-0.110504197108104,31.7698200061314,9.53200261207319,10.4314165287718,-0.182910853584945
"GKA25",25,1167,348827.21875001,23458.388671885,3082.29541016625,2075.78662110375,1e-08,7586.71337891625,439.176330576406,783.661499033438,1e-08,3192.50756836937,7528.60302735375,731.691589365469,298408.56250001,235801.67187501,50878.10156251,10985.92578126,13918.8486328225,20602.40625001,8863.0888671975,2384.69946290062,125252.42187501,3577.5009765725,1784.83142090844,1340.54357911156,1e-08,746636.00000001,281310.06250001,148658.07812501,49922.27734376,308006.25000001,116375.35937501,28165.623046885,1e-08,58385.08984376,11594.5068359475,54257.10937501,6756.3076171975,3355.21923829125,1e-08,29643.91015626,0,0,0,0,0,0,0,0,0,0,0,0,0,0,0,48878.8240967897,3273038.23596213,213281.42187503,1e-08,2514.96295169016,1e-08,3537713.44488566,99940.40625001,370875.28125001,414929.84375001,61013.4169922075,452547.232421905,1176604.14062503,5362.33239748094,43384.34375003,585088.33593753,885745.53125003,1690164.79003914,633835.012085041,0.0928337317655491,0.0733569739866696,0.015827977567481,0.00433009914206024,0.00640932766645473,0.00275727213595491,0.00111294650283405,0.000555254044948299,0.000417037842348332,0.232275527115617,0.0875144555715451,0.0462469442358537,0.0958195346509624,0.0362039172261979,0.00876221470670434,0.016879173626573,0.00210186076366501,0.00104379552708756,0.129083044713934,0.115377843348697,0.0310910678588625,0.0892426829206948,2.86442184737351e-13,0.996553075638271,3.11590192584911,0.497268635844441,0.893826478949192,0.747028573087376,0.580971474529783,0.270618754623152,0.274710123082342,0.386273390200695,0.580440337618221,0.14053066490597,0.314721874192103,0.282064931398021,0.233249838966824,0.155006493246111,0.0149337772958895,-0.00985165577461254,0.0995637728378446,0.305550416948902,0.368867667976654,0.317437748931898,0.27366227933774,0.441402385618609,0.331024325420867,0.284203505194152,0.113263910893721,0.215350829912809,0.232119899319682,0.154025862251629,0.0885793574341152,0,NA,7.54154078888337,3.57829812181184,0.204798341929786,0.59942682294515,-2.89425449932776,3.3333615298218,-5.99220124905254,-3.37044591831788,8.51644909185333,6.79205886617774,3.53206568686643,15.8061577393968,19.3636337335928,16.9494256173827,12.8007796733565,31.1181376600325,27.528168605926,-1.43538902175782,27.2359772344232,9.79326651150254,10.8975050858898,-0.194166947417527
"GKA33",33,1463,404131.71875001,16500.802734385,4697.4970703225,2807.48779297875,1e-08,5673.31689454125,1e-08,573.582824717031,1e-08,4722.0009765725,10255.7041015725,850.154418955312,595505.50000001,463995.62500001,86012.00781251,24127.107421885,22648.732421885,30492.05859376,8255.8349609475,3046.22656251,272249.93750001,7403.837890635,2641.29833985375,1795.84436036156,1e-08,1412554.00000001,624868.93750001,206028.70312501,84028.46093751,474788.43750001,182199.53125001,39654.47265626,8084.84228516625,127818.87500001,34584.04296876,100271.80468751,8716.97265626,4024.36328126,1e-08,94590.80468751,0,0,0,0,0,0,0,0,0,0,0,0,0,0,0,46080.5468140748,6003519.25244163,494659.61718753,1e-08,2807.48779299875,1e-08,6547066.90423625,154806.48437501,519572.78125001,951900.43750001,108988.77734377,696642.44140628,2243451.64062503,10045.1362304887,61396.6259765925,1145513.13281253,1626279.70312503,3049082.85937508,1216954.89501961,0.100965005194351,0.0786681578730695,0.0145829095038861,0.00383998029677482,0.00516977736444982,0.00139973588777224,0.00125528400843666,0.000447819038788322,0.000304476508062725,0.23949152769756,0.105943430447705,0.0349311451887541,0.0804980257250442,0.0308910272349545,0.00672321924435368,0.0170005873684142,0.00147791949783552,0.000682310842798871,0.161389999952463,0.0880909891810396,0.0262466719434863,0.102296986318924,3.64362444924626e-13,0.997642974235415,1.60893904221115,0.510602997661847,0.54582681211343,0.601723118814155,0.49633877865185,0.270887730136557,0.274150111120806,0.386344827629983,0.55961655040934,0.152280156072827,0.445177458837651,0.304642352194932,0.376186771704671,0.351571946512483,0.00767558907974417,-0.00191347437179878,0.111453523740775,0.265802713305688,0.296045189887014,0.334407900710582,0.306695740976954,0.437937831354357,0.351595499445672,0.32159233827468,0.0861740178672001,0.210290959288891,0.224862319731969,0.22256038199703,0.0765500854692058,0,NA,6.78449725313549,3.58054482896296,0.20765655347561,0.602219312056029,-2.8905268942675,2.90075722948671,-5.7728692968928,-3.63611282075039,8.51782069049567,6.26475344168175,3.97523892426541,15.5321190681492,19.1978897402325,16.2225173709455,12.8031609209994,29.7401855455163,24.5980450998051,-2.12405225099541,19.2151161585413,10.6210438909223,10.4610013628047,-0.173271722779357
"GKA43",43,1832,688861.81250001,40147.02343751,8383.376953135,5807.12500001,1e-08,14260.03125001,1e-08,1462.16442872094,1e-08,1718.83483887719,3853.32421876,145.263626108633,747446.31250001,579802.68750001,199544.51562501,86237.37500001,51185.42187501,47009.69921876,24645.39062501,1069.755859385,658633.00000001,8545.3173828225,1e-08,1e-08,1e-08,1885777.12500001,1041292.75000001,447349.84375001,197792.76562501,1057564.50000001,201092.89062501,59514.46875001,10759.5380859475,738496.18750001,177448.45312501,29382.501953135,137863.64062501,3441.2666015725,1e-08,733159.50000001,0,0,0,0,0,0,0,0,0,0,0,0,0,0,0,75777.1437531617,10456317.8994143,2130288.68750003,1e-08,5807.12500003,1e-08,12668190.8556675,417860.56250001,1118496.12500001,2116844.25000001,167246.142578145,1318171.85937503,3374419.71875003,8545.3173828325,122840.51171878,1526793.51562503,3653200.93750003,4859837.72070321,1658179.34472664,0.0734615570605176,0.0569849733677332,0.0196119113514254,0.00503067675477717,0.00462027257851602,0.00242223252613597,0.000839862756722664,9.82833894983148e-16,9.82833894983148e-16,0.185340567683388,0.102341780930022,0.0439670589352925,0.103941023673092,0.0197640908946399,0.00584928371294252,0.00288781188389496,0.0135497058892036,0.000338219345769892,0.208050627930019,0.109929590305732,0.0410687524201734,0.232860524457329,1.55635734767838e-13,0.999451242785077,10.4188023530575,0.452461057864667,0.528379036388721,0.654305655114131,0.857722565732615,0.349377378599465,0.35382324189852,0.49545869192467,0.650817092782756,0.111097882223714,0.37898303561259,0.292001983347042,0.264673519654481,0.378992273994974,0.00724701988616915,0.158651504003652,0.196321708621822,0.210679128472018,0.352188480488235,0.346824702550205,0.355745778019735,0.436845450627577,0.381046998387023,0.445645070610375,0.131986577290287,0.239405639920246,0.256521887337852,0.0508507450651863,0.0363287319784781,0,NA,9.62968668693074,7.01217586103086,4.57330226390603,4.86748026733533,2.80303454462926,5.1755518465756,-1.3364589443791,-1.07805356635092,10.6128068849537,9.68686697403084,5.82734429080944,16.5651411087468,19.740346222854,20.7623108763362,16.4402897308223,32.2454135124712,27.954044077051,-0.400702529919745,22.1176721623,14.8928055414876,13.3730442492119,-0.155358400858087
"GKA49",49,2043,860692.37500001,62498.45703126,10679.697265635,6820.79052735375,1e-08,23337.978515635,1160.42468262719,2533.72314454125,1e-08,3991.63427735375,9666.1494140725,853.028442392812,1435132.75000001,826077.62500001,245383.84375001,61838.37109376,82549.71875001,59446.22656251,13442.98046876,22593.876953135,518441.75000001,13841.7392578225,23219.857421885,7807.7822265725,1e-08,2819054.25000001,1150221.50000001,567945.50000001,136679.50000001,1370625.25000001,255625.57812501,92902.25781251,17259.599609385,343191.00000001,67398.80000001,225407.53125001,25055.62500001,6539.11572266625,1e-08,188484.56250001,0,0,0,0,0,0,0,0,0,0,0,0,0,0,0,121541.883300891,13062556.8564455,1050117.31250003,1e-08,7981.21520999094,1e-08,14242197.2674565,472719.37500001,1327916.25000001,1834877.25000001,250463.15625002,1719153.08593753,4537221.25000003,37061.5966797075,155438.92578128,2506594.21875003,3635512.87500003,6506837.49218758,2699094.74121102,0.11163316498053,0.0642572332060221,0.0190874155111444,0.00642120833234149,0.00462408123382495,0.00104567501264194,0.00107669284404942,0.0018061786788725,0.000607335761399781,0.219282814206082,0.0894710726054108,0.0441781805212446,0.106615387781883,0.0198840785537592,0.00722649042288777,0.0175335390568476,0.00194897560474206,0.000508651331589481,0.14272767085015,0.103293227624118,0.0367709258804586,0.105764669602387,1.00959258379266e-13,0.998912493345797,6.46570359653984,0.552451397151949,0.72370849330657,0.714480396651832,0.776523285339769,0.278315563710342,0.282478396415417,0.383261157229075,0.616973622145537,0.17068008836679,0.343064405011434,0.335478750593338,0.236690885403456,0.275329163153637,0.00930460128415963,-0.0127038519530073,0.106136525683783,0.332963897774803,0.367025013216642,0.282352602410736,0.289781202527943,0.365325417808594,0.317198222634676,0.301339774826649,0.115467156594088,0.198909879502412,0.217938742809851,0.0795293700538012,0.0810926912761079,0,NA,7.62165511246309,3.48356339485441,0.0842789007352938,0.481678636084547,-3.05143281578686,3.43904179049981,-6.07100742946159,-3.19274957697127,8.45861421879824,7.27936913099607,4.02031416227804,15.3326347151806,19.1057942837127,16.6757993839657,12.7003719076358,30.3092249457279,26.1131919773522,-0.699050796523211,25.4393178951811,10.0438146282362,10.7047850515101,-0.233712464916461
"GKA53",53,2184,828688.50000001,39026.00000001,1e-08,1e-08,1e-08,13047.0927734475,1e-08,923.5498046975,1e-08,4474.916015635,10202.810546885,1287.63159180688,852959.00000001,567621.37500001,172720.07812501,47305.50000001,62711.03125001,56787.16406251,21210.029296885,5389.10107422875,246121.82812501,13401.205078135,3486.02392579125,2879.82934571313,1e-08,1507251.00000001,807357.87500001,362762.12500001,134138.98437501,883391.81250001,192152.62500001,65778.31250001,4510.18115235375,178098.96875001,48838.03125001,132763.31250001,21697.318359385,5141.6025390725,1e-08,131966.68750001,0,0,0,0,0,0,0,0,0,0,0,0,0,0,0,68962.0007325319,8143534.4824221,556187.48437503,1e-08,3e-08,1e-08,8768683.96752971,249425.79687501,719735.43750001,1263489.37500001,154460.630859395,1141322.75000003,2677371.00000003,16887.2290039263,140708.224609405,1593300.45312503,2232650.60937503,3973154.38085945,1750895.90673836,0.107092120074241,0.0712669383267028,0.021685637112447,0.00787359918660272,0.00712983600906711,0.00266299670235047,0.00168257027989287,0.000437683045542059,0.000361573100330063,0.189240872156832,0.10136673215522,0.045546110714451,0.110913070917654,0.0241254643999084,0.0082587075586657,0.0166689191434816,0.00272417762522262,0.000645546991694053,0.158635709172454,0.0903654148610151,0.0313163204662258,0.0913227710200887,1.88691198414108e-13,0.998159786909408,3.82502446954922,0.595098868675657,0.569641068410254,0.999999999999345,0.548705710440963,0.274162357167423,0.279572709148027,0.398046772393977,0.584237186803255,0.172056909036746,0.35599538230841,0.280735113697905,0.237627836929426,0.356206535201315,0.00846831322215029,0.0373912913498682,0.128437324584007,0.23465450188052,0.366523952585329,0.323253279283786,0.348809634197917,0.399570052486472,0.36811501585897,0.348673894892288,0.125385951366777,0.224319615325281,0.241266355927129,0.147948296721501,0.112061100544689,0,NA,7.45826016590015,3.94857099179058,0.675851363483021,1.05964833288057,-2.27991941648228,3.28689957797709,-4.68687862000314,-3.34790645494769,8.74249802996436,7.88812735210203,4.86911438089492,15.5933017532059,19.2441836902358,17.1684791402401,13.1932257464659,31.3342488973054,25.2985682704617,-1.73656038583385,41.1999999999638,11.0491187766439,10.4709622432473,-0.186190414409278
"GKA57",57,2325,836935.93750001,77933.51562501,10232.7451171975,6741.0556640725,1e-08,24666.638671885,3859.447265635,3260.13916016625,1e-08,8069.76416016625,17830.431640635,1295.82153321313,1429248.50000001,968480.50000001,259141.40625001,60710.95703126,89558.28125001,81630.47656251,45968.14062501,7979.53955079125,390723.03125001,26296.50000001,10795.365234385,8260.3251953225,1e-08,3132051.75000001,1189622.50000001,541166.68750001,156127.46875001,1417986.25000001,291319.71875001,92893.28125001,19579.10546876,249985.65625001,82601.78906251,225955.93750001,29119.091796885,17597.46875001,1e-08,200003.53125001,0,0,0,0,0,0,0,0,0,0,0,0,0,0,0,153889.558838001,14099523.039551,840712.21875003,1e-08,10600.5029297175,1e-08,15104725.3200688,393512.43750001,1502568.00000001,2147390.25000001,255075.029296895,1802199.25000003,4862840.93750003,37091.865234395,217156.89843753,2656870.40625003,4043470.68750003,6920115.21679696,2911119.16992195,0.102819469510356,0.0696720348078904,0.0186425117247236,0.00644278092185178,0.00587245835558674,0.00330692656556292,0.00189175792731642,0.000776613532615219,0.000594243936282659,0.225318339962562,0.0855808869959172,0.038931278728246,0.102009268505778,0.0209574044959866,0.00668269926412538,0.0162551646032626,0.00209481386279508,0.001265953682373,0.154482251572565,0.108094040093964,0.0283091009502393,0.0800082903781487,8.61378091469512e-14,0.998158951287021,4.37081486279905,0.546361775019505,0.699718181173638,0.740649961331702,0.666125616719424,0.286780671669359,0.292046990686524,0.394534478444581,0.619972851740298,0.156011156917149,0.348540044012241,0.354689218648692,0.257122745302479,0.269562609375664,0.0109145223144301,0.00367982037488163,0.112883860548754,0.325016492387536,0.356165315319505,0.289130555120156,0.275268896076562,0.403915746942212,0.321174800753327,0.320090821002996,0.106428033891911,0.197779294506034,0.215199304389905,0.115865116355328,0.0677509348765154,0,NA,7.88723466173285,3.83810934708206,0.535324482567672,0.92235276239866,-2.46319091476178,3.64186680911578,-5.61832656304202,-2.94335379157608,8.67506198613595,7.14101069008346,4.11755188456734,15.5377304191248,19.2656320922748,17.0759615586423,13.076149281486,30.3111689107183,26.6924061287048,-1.65363528820641,26.88387786551,10.5468965713938,11.3763200034482,-0.225438373295717
"GKA61",61,2527,1091805.87500001,94960.14062501,20535.87500001,7819.9013671975,1e-08,33630.47656251,3277.83544922875,2420.70727540063,966.259704599844,26426.85546876,51022.96093751,1318.70031739281,1503502.75000001,1004365.93750001,258626.54687501,52454.64843751,88693.57812501,95245.43750001,24541.623046885,7685.1435546975,469372.03125001,24523.244140635,6769.24560547875,3620.13159180687,1e-08,3085519.00000001,1239654.87500001,551867.81250001,170284.45312501,1385360.87500001,246328.57812501,94260.80468751,4259.5498046975,269193.03125001,80708.12500001,234191.48437501,13334.4501953225,11018.3193359475,1e-08,272872.53125001,0,0,0,0,0,0,0,0,0,0,0,0,0,0,0,242379.71270763,14129806.3002932,1011437.59375003,1e-08,12063.9965210261,1e-08,15395687.6032719,404400.93750001,1433197.12500001,2204997.75000001,247525.934570333,1725950.25781253,4877041.68750003,31292.4897461138,208480.638671905,2766495.23437503,4042595.81250003,6850517.87988289,3006268.36279305,0.108056671997893,0.0721837327363015,0.0185874777719033,0.0063744032924274,0.00684528511785851,0.00176380529525016,0.00176248440412153,0.000486505363601358,0.000260178687405183,0.221756105551697,0.0890939376189797,0.0396627137539376,0.099565820992738,0.0177036233356816,0.00677451960388877,0.0168313309781509,0.00095834630899624,0.000791886092960266,0.15847308468697,0.103003810032571,0.0290642763766669,0.0931344545834171,6.59860428661066e-14,0.994845935259936,1.86112563599184,0.56724863383178,0.649976683649679,0.645356950680343,0.519487044277212,0.286104121074621,0.291042919946769,0.394354580336582,0.617540958619077,0.163880244643409,0.374062784288208,0.353545942998088,0.273471117604202,0.311958777565781,0.0171537887750521,0.00379091816958814,0.111120074463123,0.310693235538954,0.347580715050136,0.291873604208081,0.286613882083528,0.400485855781076,0.328407263963974,0.324549811786675,0.106036559731329,0.198955081969705,0.217020654531723,0.210508381116271,0.0251940860449722,0,NA,7.7113945314357,3.83245155158549,0.528126759266627,0.915320545356973,-2.47257799803717,3.53817014183935,-5.61525693097428,-3.0178028354854,8.67160794246237,7.2052749165696,4.25589084553828,15.4811342322354,19.1684944371676,16.9263384258778,13.0701526778861,30.0797290621871,26.1284387216181,-2.10335680840222,21.6237036775549,10.5933093174351,11.2832245167561,-0.223186378282496
"GKA65",65,2789,1361198.50000001,170432.65625001,22648.16796876,9054.5986328225,1e-08,59650.91406251,5322.85986329125,7864.4443359475,1175.40954590844,46699.75390626,94430.07812501,3296.173828135,2031195.25000001,1519524.25000001,309112.68750001,77447.16406251,92141.14843751,121957.28906251,55933.45703126,9376.66015626,488416.15625001,22544.951171885,13357.3857421975,7545.5634765725,1e-08,4130136.00000001,2012026.00000001,655891.81250001,152713.68750001,1454995.00000001,352656.21875001,110209.65625001,16916.662109385,245323.96875001,84448.48437501,208814.46875001,35576.80859376,23334.583984385,1e-08,264787.40625001,0,0,0,0,0,0,0,0,0,0,0,0,0,0,0,420575.056518665,18229297.301758,998527.53125003,1e-08,15552.8680420222,1e-08,19663952.7575688,392093.15625001,1770940.50000001,2700653.75000001,244391.27734377,1917860.87500003,6798053.81250003,35902.3369140825,270031.89453128,3859832.18750003,4863687.40625003,8960305.96484383,4165766.41894539,0.112714934488712,0.0843213257281692,0.0171532580736358,0.00511308969920475,0.00676764473878211,0.00310385520299225,0.00125106273972934,0.000741227047903073,0.000418717842581744,0.229189197183024,0.111651195905261,0.0363966992723231,0.0807404734263751,0.0195695724443252,0.00611574597973451,0.011587516840369,0.00197422559449324,0.0012948809845441,0.149864475366386,0.0982728974188511,0.021758004022603,0.0695495473893946,3.83735475307708e-14,0.992980726238783,1.80485560992955,0.567784882844367,0.655745113567411,0.757669156637352,0.479874568873479,0.266806082853286,0.271360201049879,0.383304695937002,0.553731842622832,0.174577669955401,0.430879118842594,0.299445217885408,0.325815238296033,0.346195882670147,0.0230713806219017,0.00591019020344192,0.0890440494817514,0.241709168124229,0.32077395173941,0.338067810322481,0.327576185714412,0.427948265133306,0.364344725559681,0.304745917534277,0.0905437063222495,0.214305758322365,0.230908164204586,0.224526102205539,0.0337286426344822,0,NA,6.77908162870875,3.48493268721871,0.0860208844394492,0.483380564177409,-3.04916096600724,2.84224837528535,-5.5567014446789,-3.73188267603118,8.45945016199044,6.4716148708565,3.96219152268661,15.5778660506712,19.0354195093287,16.186315434154,12.7018231979001,29.7346642542062,25.4796447135744,-2.44024182790347,27.8233374463818,10.1930244569399,11.209828280195,-0.17042714668583
"GKA69",69,3052,1772340.75000001,209375.96875001,20753.33984376,7842.40478516625,1e-08,79567.87500001,5669.85107422875,9512.9638671975,1903.32531739281,62108.80078126,134107.21875001,4617.931640635,3442820.25000001,2274094.25000001,447464.37500001,69869.73437501,139094.28125001,175464.60937501,91126.89062501,16827.458984385,608125.18750001,19071.25000001,32387.794921885,18281.01171876,1e-08,7157425.50000001,4107079.00000001,769967.93750001,350662.28125001,2200131.00000001,758044.12500001,98114.32031251,71539.91406251,283857.68750001,50797.81640626,242350.18750001,90948.62500001,45884.18359376,1e-08,287642.46875001,0,0,0,0,0,0,0,0,0,0,0,0,0,0,0,535459.67980968,30244698.121094,1179625.34375003,1e-08,15415.5811767878,1e-08,31975198.7258305,530533.50000001,3036957.25000001,4194263.50000001,333298.81250002,3056289.44531253,12034472.4375,51459.044921895,405685.78125003,6164378.87500003,7761754.25000003,15424060.6953126,6621523.70117195,0.115254332966749,0.076129218737827,0.0149796400398799,0.00465642044627781,0.00587397977364282,0.00305062949316608,0.000638442915395674,0.00108423717444607,0.00061198832892975,0.239607136550826,0.137491537813147,0.0257760018236058,0.0736531716532303,0.025376831679272,0.00328454572733046,0.00811308961154164,0.00304466174457384,0.00153605201253904,0.140410188995282,0.101667370551014,0.017760521961324,0.0500419270704625,3.13273248972204e-14,0.994046881654383,1.56125800461427,0.512226764157231,0.724074023961538,0.818672283280713,0.441883147608862,0.256631896900523,0.260570385662497,0.373080884836653,0.517729158144367,0.181923825623841,0.441769986001748,0.26872115789064,0.335970592086525,0.339936394935448,0.0177042494412013,0.0154950050863444,0.0907729202620578,0.220415397859278,0.31570067950608,0.360388125616186,0.364603609506304,0.397783498423844,0.375773853174461,0.283501360479396,0.0668961074298032,0.213642116522995,0.225858528699934,0.250452506148878,0.0332883520229106,0,NA,6.3828461349075,3.16339382811274,-0.323033797685513,0.0837317882647675,-3.58263942922344,2.53959293215378,-5.2918730094643,-4.06832190812956,8.26315298886374,5.96239697920647,3.59732053184648,15.5566338894307,18.9718534602311,15.7347203205552,12.3610294945551,29.4098954702419,25.6355695866262,-2.0457807082557,31.1907100370953,9.77344354589704,11.7322092122893,-0.144648273307714
"GKA73",73,3315,1061447.25000001,144310.56250001,12382.3564453225,5397.083984385,1e-08,66497.01562501,7370.17431641625,10775.67578126,2401.56958008812,64652.92578126,138388.21875001,3295.87646485375,2145927.00000001,1292848.50000001,344782.78125001,49159.20703126,98104.93750001,100387.60937501,50232.09765626,8037.65625001,565093.75000001,21410.10156251,21966.146484385,16004.80468751,1e-08,5345714.00000001,2676117.50000001,697061.31250001,242686.65625001,1598622.37500001,626079.00000001,105824.28125001,45584.96093751,263543.81250001,28969.28125001,318663.78125001,73907.31250001,33876.44531251,1e-08,157612.82812501,0,0,0,0,0,0,0,0,0,0,0,0,0,0,0,455471.459228626,22206378.0996096,986250.39062503,1e-08,15168.8278808894,1e-08,23663268.7773442,479665.34375001,2492859.00000001,3416321.50000001,392571.09375002,2330525.65625003,8718892.81250003,43376.248046895,248724.64453128,3783558.28125003,6388845.84375003,11441989.5625001,4075659.1738282,0.0977359385996789,0.0588826002071307,0.0157030825086209,0.00446817536096348,0.00457213932535659,0.00228781371046885,0.00097512001653661,0.00100044500305434,0.000728936542686831,0.243469780321252,0.121883389167258,0.0317475578799802,0.0728090276542833,0.0285146785992949,0.00481975176909843,0.0145134963855678,0.00336609798775458,0.00154289786140854,0.155595874585092,0.113536906969182,0.0218462895453315,0.0583406713813165,4.27413241842321e-14,0.991381526263206,1.04279514400498,0.433949397316325,0.729690984879498,0.866786085922422,0.387548110809062,0.287703191177419,0.29153805911062,0.404414333827306,0.577768354375228,0.15038572274158,0.418929536790438,0.315852975469248,0.330724429873295,0.290784447850413,0.0205108395968739,0.0337747492281998,0.125675295108963,0.275899579222068,0.318316100938717,0.334594294545986,0.333604302209539,0.375961879453894,0.346313768546466,0.313195200295197,0.0833311872958123,0.208962740920899,0.223772187670954,0.303835105243215,0.023262148513251,0,NA,7.47234935882743,4.14883079886877,0.930617496430514,1.30855630930939,-1.94766006089117,3.42876887839396,-4.78680367882484,-3.06273967517186,8.86475520948428,6.5595719890785,3.7967943371891,15.9539021738856,19.2805663256961,17.0598120392739,13.4054777942435,29.8864446561703,27.1127464685284,-1.48290812134082,33.8465919429177,10.4735004917699,12.4362860670073,-0.173354020547922
"GKA77",77,3577,686540.93750001,127844.83593751,10944.01953126,5786.10302735375,1e-08,55257.38281251,6053.09619141625,8216.7197265725,2233.70043946312,65565.09375001,161325.84375001,2883.28393555687,1362638.12500001,648070.12500001,214109.48437501,31166.26953126,72521.41406251,46818.23828126,24188.361328135,5534.08984376,581434.50000001,24427.490234385,10174.2666015725,7055.06884766625,1e-08,3698016.75000001,1650844.25000001,507537.34375001,122132.52343751,1134836.50000001,349752.09375001,117303.10156251,21372.748046885,247382.73437501,17531.55078126,347914.46875001,69517.52343751,14342.4736328225,1e-08,268052.21875001,0,0,0,0,0,0,0,0,0,0,0,0,0,0,0,446110.079101673,15977597.2314455,1096869.45312503,1e-08,14072.8996582331,1e-08,17534649.6633305,428981.56250001,2222437.25000001,2888676.00000001,417431.99218752,1601891.69531253,5856398.34375003,34601.7568359575,143528.013671905,2224817.73437503,5540094.81250003,7875722.03125008,2402947.50488289,0.086024254951868,0.0409130998442374,0.0135168747546152,0.00457832530759647,0.0029556666530994,0.0015270274063111,0.00154212377387943,0.000642308246059049,0.000445391208509316,0.233458267372547,0.10421890011908,0.0320411715005731,0.0716429862144696,0.0220800832816125,0.00740542314964081,0.021964072787993,0.00438868768610945,0.00090544993993204,0.182364045257681,0.140303947982174,0.0270818925620119,0.0909000687785529,4.94405901035585e-14,0.985506900962475,0.792463457594667,0.379895219516508,0.76936189797679,0.858424055955401,0.311859279049079,0.346741423772816,0.350650730867814,0.458484256351198,0.670853448221602,0.127298282438152,0.378761226690813,0.39461664252144,0.292680650551453,0.24670702307808,0.0279209741389452,0.0823096051303637,0.168691601651957,0.342683924528704,0.337619173395245,0.29474454758031,0.308634726159458,0.322309377802575,0.312370778357715,0.363386056691218,0.089299286289156,0.192021916934733,0.208069253733212,0.361627883581717,0.0175586094159021,0,NA,9.53259650156531,5.84932986224519,3.09395509661145,3.42214958076834,0.873708496405531,5.10739548347338,-3.44578561024805,-1.15882789537251,9.90289772194301,8.17700808392301,4.46412837198235,16.6096939906829,19.4961277286277,19.3506473470666,15.2078085450399,30.324992094668,30.0988208620675,-1.22873730423939,33.3850078887382,11.8526379679712,14.5420270841266,-0.212369191870404
"GKA81",81,3840,772784.18750001,217926.17187501,88138.48437501,4366.130859385,1e-08,139370.68750001,3773.55981446312,41604.73046876,7796.29150391625,278352.75000001,504355.78125001,9975.5439453225,1092185.12500001,528361.87500001,175048.79687501,24632.380859385,62248.69531251,43801.42578126,29089.30859376,5848.74658204125,440654.93750001,18948.28906251,7370.427734385,5293.65478516625,1e-08,3126043.25000001,1030895.50000001,380955.15625001,100080.90625001,969102.37500001,171756.46875001,99692.41406251,24562.216796885,170879.64062501,14555.865234385,278052.96875001,42160.36328126,10124.5458984475,1e-08,165063.70312501,0,0,0,0,0,0,0,0,0,0,0,0,0,0,0,1295660.13159191,12444307.9106448,776598.28125003,1e-08,15935.9821777644,1e-08,14532502.3056645,372844.18750001,1723893.50000001,2161295.75000001,320213.33203127,1240551.25781253,4537893.90625003,26318.716796895,135139.42968753,1795595.79687503,4258033.43750003,6098658.49609383,1957053.94335946,0.088585496804366,0.042854638941692,0.0141979452761538,0.00504889828057515,0.00355266792666898,0.00235939017524499,0.00153686729637081,0.000597804335149837,0.000429360397171457,0.25354867777858,0.0836143872778759,0.0308987011488475,0.0786024396218233,0.0139309094816532,0.0080859021288666,0.0225524591123215,0.00341956380949881,0.000821186727234149,0.175299455534073,0.139822415302824,0.0302408326430085,0.0837629315644299,2.05321913520971e-14,0.943955121037165,0.432088180559556,0.395689241302438,0.79762036269215,0.684192700415804,0.34350059568184,0.342167155303008,0.346664944964514,0.437915330492946,0.706000139352012,0.126978537147231,0.375375239933224,0.462920621321799,0.293001468093264,0.226330754785488,0.104116688601349,0.0325291374951993,0.146918389034184,0.432212281894264,0.337453993746097,0.247505655535518,0.247993911384912,0.326039217005125,0.269885109625759,0.338786358927673,0.0877879303807311,0.167646792958125,0.185213802901979,0.389265494053858,0.0193951708882091,0,NA,9.42823568347854,5.20243714400315,2.27099237302277,2.61811026896926,-0.199578054878081,4.99923488104566,-4.82121993100764,-1.29269627742108,9.50797434546456,7.5778137044279,3.96050456671131,16.1692455307417,19.468218802798,18.5835848071804,14.5221776830982,29.590261354719,29.7579921233746,-1.21922778088597,23.7674370629524,11.224932327047,13.9006149690257,-0.268084808859066
"GKA85",85,4103,454384.43750001,103918.64843751,35122.28515626,3113.28198243188,1e-08,81477.34375001,3882.67993165062,22306.76171876,3226.20556641625,132729.81250001,261005.28125001,4307.5771484475,904494.56250001,427107.78125001,145309.57812501,20641.884765635,44948.06250001,46562.58593751,9875.5263671975,3496.3193359475,476478.50000001,14174.6240234475,7147.8935546975,3643.36791993188,1e-08,2374664.00000001,761699.00000001,315443.71875001,70124.06250001,707622.68750001,191893.46875001,69148.97656251,13915.7099609475,189401.40625001,14017.6552734475,202050.81250001,52605.60156251,8015.615234385,1e-08,146232.43750001,0,0,0,0,0,0,0,0,0,0,0,0,0,0,0,651089.877441516,9813194.6464846,812112.34375003,1e-08,10222.1674804987,1e-08,11286619.0351567,318353.12500001,1486257.50000001,1639572.87500001,254656.41406252,968665.13281253,3451806.71875003,21322.517578145,101386.174804717,1476911.92187503,3444183.50000003,4675128.26562508,1599620.61425789,0.0929537094668088,0.0438933015800483,0.0149332730872847,0.00461925291311173,0.0047851753506352,0.00101489477861651,0.00145670735668659,0.000734579563360304,0.000374424100653491,0.244041077402595,0.0782787984390552,0.0324177336177384,0.0727214473508763,0.0197206378924654,0.00710634883149854,0.0207644946706447,0.00540620807100563,0.000823754172314045,0.168496735072865,0.152740716833071,0.0327167294486652,0.110036301430636,4.11819145118065e-14,0.961781529048578,0.398147684751134,0.427866344269082,0.906490661477917,0.754756566679214,0.343641206994966,0.350974746153012,0.355419069416451,0.451221862683055,0.706138599543357,0.133562085031993,0.335147000529925,0.435287020126536,0.262390089937611,0.155610306230272,0.0663484115924224,0.0398630189445745,0.147245038791552,0.440651143578751,0.353388985003536,0.259289246674712,0.242860600000703,0.320747243540591,0.266073411449569,0.333332465053902,0.0934833839118451,0.176386315293279,0.194369760359577,0.400874426547132,0.0162358401113685,0,NA,9.92770765890532,5.62092758138209,2.80338672594904,3.13826261228063,0.49475679480182,5.36503447265389,-4.61858478656141,-0.936767024677006,9.76345976351466,8.15315941504241,4.01712550230831,16.4691164598662,19.3727116344806,19.3170638647437,14.9657287561018,29.8514708088666,31.0498203484236,-1.55942154473902,27.6625624806926,11.2644936009123,14.3344694689991,-0.254916736860302
"GKA89",89,4365,478268.06250001,111154.28125001,17389.220703135,3174.17797852563,1e-08,56439.81250001,4015.52294922875,15528.9033203225,2242.9384765725,87657.50781251,160716.81250001,3395.4892578225,1038167.06250001,527328.37500001,173851.96875001,34340.40625001,55943.43750001,43428.99218751,47691.98046876,7104.53906251,649911.50000001,18750.333984385,11225.517578135,5486.0751953225,1e-08,2775113.00000001,920090.31250001,448440.62500001,126679.35937501,848558.00000001,216300.34375001,75294.17187501,24981.75000001,302175.40625001,29126.69921876,227480.82812501,53753.94531251,11741.9443359475,1e-08,444597.84375001,0,0,0,0,0,0,0,0,0,0,0,0,0,0,0,461714.666748157,12516069.542969,1396684.75000003,1e-08,9432.63940432688,1e-08,14383901.5991215,340695.46875001,2014131.37500001,2511699.50000001,281234.77343752,1140152.51562503,4143643.93750003,29975.85156252,147064.41015628,1739347.40625003,4866526.34375003,5565031.22656258,1916387.66796883,0.0839589580230154,0.0426462584878726,0.0140598085546569,0.0045242744548414,0.00351220248046829,0.00385696014721239,0.00151638263317806,0.000907833424092328,0.000443671518460627,0.224429770787611,0.0744098196860014,0.0362664247115722,0.068624837057084,0.0174927062678515,0.00608921284846832,0.0183968977532345,0.00434720518602896,0.000949598043725636,0.203126915218356,0.162887436593532,0.0275528261227353,0.142644385012821,4.98722726776515e-14,0.981214593277434,0.691615765152156,0.419762757728509,0.801899819225987,0.812522065285887,0.352538180140496,0.388822251829357,0.394401069389225,0.498831851760281,0.739144417700061,0.119409508457274,0.342951006542783,0.476196019860997,0.266419682055244,0.187131748151436,0.0368897492270271,0.109326809295559,0.184660133543831,0.420704527298811,0.351271699658331,0.263077585572386,0.248995856165088,0.336844402333177,0.275138105465554,0.397107923461373,0.105778260988116,0.184427923280251,0.204983369388749,0.348086868524091,0.0206900349422492,0,NA,11.0919009439684,7.11826173786084,4.70826238892885,4.9993370853094,2.97904602485148,6.32806877077022,-2.69930025916371,0.213304687640948,10.6775715537974,9.39138063210279,5.00545625387729,17.0719516347987,19.531284188069,21.0927365717218,16.5527283920094,30.3364987214846,32.4649416409024,-1.12157267317213,30.851218003781,13.0731723397289,15.9521266025084,-0.240312565939779
"GKA93",93,4628,490837.28125001,118057.51562501,13996.1787109475,3907.56762696313,1e-08,74937.96875001,3111.23413086937,16242.6279296975,1979.08227540063,92076.53125001,181297.10937501,3688.41015626,676536.68750001,378213.87500001,141087.40625001,28772.53515626,36168.46093751,32530.763671885,27001.00781251,6228.2373046975,597598.56250001,11232.455078135,6730.4443359475,1970.55517579125,25374.10000001,1852068.75000001,621415.87500001,270583.09375001,78773.50781251,508250.90625001,161304.42187501,38084.57421876,11389.185546885,216494.59375001,8671.83203126,105736.08593751,32784.69140626,4716.74218751,1e-08,123330.20000001,0,0,0,0,0,0,0,0,0,0,0,0,0,0,0,509294.225830188,8238366.5917971,937423.35625003,1e-08,8997.88403323313,1e-08,9694082.05791057,227719.81250001,1436531.87500001,1560611.12500001,138520.77734377,707639.90234378,2744067.71875003,17962.8994140825,95700.232421905,1195837.96875003,3224862.81250003,3590228.39843758,1309501.10058602,0.0832017492991634,0.046513450919416,0.0173511935434874,0.00444806508658002,0.00400069426174093,0.00332063452632963,0.00138138836916378,0.000827722653712656,0.000242342567292554,0.227770884668119,0.076422888510788,0.0332768157983746,0.0625056486428688,0.019837520000999,0.0046837122876867,0.0130036219418587,0.00403192277024007,0.000580073790889558,0.191926879908836,0.176667381285226,0.0280054091672272,0.145609206000438,4.479598521581e-14,0.968091684826739,0.65118255901593,0.435790254219657,0.920493165778246,0.871435678535486,0.362475680787386,0.391444441876501,0.396920678815208,0.506460224664589,0.729841168304259,0.118357501316364,0.31833994079896,0.447079116429484,0.244224450689464,0.135327837681666,0.0618198061661022,0.115192651515284,0.171987309544308,0.403041894814621,0.363004449313562,0.278767235306508,0.25123094306681,0.358581344676934,0.283322878684943,0.381640615298178,0.104487399611139,0.191627317458824,0.212665204159277,0.355977154619183,0.019938912870618,0,NA,11.3095535789413,7.35817406570131,5.01347358883019,5.29753018213877,3.37709452299823,6.47955211015925,-2.53722703863269,0.345803822955958,10.8240363135601,9.47677359557287,4.74215091394667,17.3016258766459,19.5419812132093,21.5218892762193,16.8070074888196,30.4871348012129,33.7921836274304,-1.25148914705228,34.1032494551589,13.0120632553296,16.1628985346454,-0.223380943639671
"GKA97",97,4891,1045326.37500001,259044.29687501,39414.96484376,9762.0478515725,1e-08,169497.90625001,9940.0244140725,34553.33984376,2812.03149415062,141574.17187501,284290.81250001,5710.4658203225,2275171.25000001,1295992.37500001,357914.65625001,40397.62890626,98285.00781251,111208.58593751,92762.71875001,10776.9072265725,1284439.62500001,30769.986328135,28132.85546876,12117.1181640725,1e-08,5287881.50000001,1393600.37500001,801883.87500001,199295.31250001,1692848.25000001,438474.75000001,116187.29687501,40730.80078126,506697.34375001,26067.037109385,316656.96875001,71459.97656251,27480.16015626,1e-08,281631.25000001,0,0,0,0,0,0,0,0,0,0,0,0,0,0,0,956600.061767688,23258396.7138674,2072768.21875003,1e-08,22514.1037597956,1e-08,26310279.0981449,815892.43750001,4288742.50000001,3494061.50000001,388116.94531252,2247510.29687503,7483365.75000003,58902.841796895,302256.31250003,3929078.28125003,8598696.43750003,10118992.9921876,4290237.43554695,0.0987165144433203,0.0562313056677034,0.0155294188660216,0.00426444971704238,0.00482518578762868,0.00402484527935512,0.0013350668877264,0.00122064544952987,0.000525744895139246,0.229433819748432,0.0604663809578749,0.0347926254466796,0.0734503298252713,0.0190248092276162,0.00504120512690736,0.0137393052189756,0.00310054894041594,0.0011923259082015,0.151602466201434,0.186082568925276,0.0354004374794492,0.122076376720766,1.9900081380448e-14,0.981285325267561,0.911194753699615,0.525041593917819,1.22743761092929,0.841819204924773,0.456384345513219,0.369702888091732,0.375534228315939,0.473203238767186,0.728812785732186,0.138803078737635,0.240775011729532,0.425095713576404,0.166773917908457,0.01449559233746,0.0411292348968032,0.0529933251771566,0.120987568684443,0.449010604055553,0.405159824963993,0.256038768235208,0.208576540514825,0.362904787091631,0.262331585540533,0.316001211618122,0.101625780426542,0.178832274330875,0.199237825460246,0.297188787521791,0.0196911746506675,0,NA,11.0863667612877,6.31224185922799,3.68286158307511,3.9975146034093,1.64174499887176,6.17262170518936,-4.25579442535516,-0.161384513644835,10.18550218433,9.23790851169705,3.98872737298961,16.9264067669667,19.2549558844411,20.6848607224072,15.6984412922395,30.4381802210056,34.3778056285003,-1.40792853943215,32.4684201118475,11.2270980387498,15.0309907812639,-0.255609546965
"GKA103",103,4960,2861208.25000001,747613.87500001,79457.80468751,27004.19921876,1e-08,305355.65625001,8585.6689453225,40970.04687501,6164.84423829125,132430.79687501,248805.45312501,5913.76904297875,6274223.00000001,2873554.25000001,731005.12500001,154149.43750001,176037.65625001,145249.23437501,77986.56250001,16053.4169921975,2165096.25000001,33900.22656251,13772.41796876,8911.8896484475,1e-08,13083607,3021069.75000001,1092048.12500001,236334.71875001,2275310.00000001,566953.06250001,219422.25000001,23923.55468751,1197154.00000001,156756.48437501,533119.12500001,11275.5576171975,7968.1064453225,1e-08,1427699.75000001,0,0,0,0,0,0,0,0,0,0,0,0,0,0,0,1602302.11425792,45788400.5410158,4789950.00000003,1e-08,41754.7124023737,1e-08,52222407.3676762,1179797.12500001,5466909.50000001,7606623.00000001,544394.682617208,3061685.31250003,17196724.875,47672.64453127,399273.45312503,9878782.37500003,14253329.625,20802804.8701173,10325728.4726563,0.138202571049018,0.0632958990139233,0.0161018803005584,0.0038775887779562,0.0031994109284174,0.00171781325668156,0.000746721700851739,0.000303365623575115,0.000196302564049855,0.288193155709469,0.0665452290695463,0.0240545894821177,0.0501183480302729,0.0124882986947732,0.0048332230294272,0.0117430371458592,0.000248367176733762,0.00017551381217018,0.167551401281178,0.120419842997659,0.0259874403557606,0.121350330908896,8.52226206268733e-15,0.992877217626244,3.00481306020402,0.574457197333048,0.718703884759374,0.815940917519142,0.625689639518006,0.311286907963346,0.314355368613181,0.391364375991203,0.687696820207102,0.195136435494716,0.479071041035264,0.538047648482123,0.426899838606302,0.245843576604191,0.0349936249208493,-0.0749712116830629,0.0979006864055283,0.516400563574815,0.272302233404125,0.228621689749187,0.187589592569749,0.314125953383922,0.233427769039794,0.282098175698205,0.0673321919019639,0.147976940825575,0.166681899039539,0.15527998803162,0.0232168149409572,0,NA,7.83868362433866,3.73840962492335,0.408488683408049,0.798433457496143,-2.628606860779,3.84257036587303,-7.79145457880303,-2.46218668274373,8.61419601903111,5.80564659049487,3.17146006427916,15.132758642494,18.5275862699626,16.2247625672416,12.9704791997068,25.8123720852796,26.4217160230519,-3.2436516778931,31.0399386470566,9.84426400270907,12.8708307116669,-0.296332444215898
"GKA111",111,4966,2972882.25000001,397414.68750001,22201.57031251,19235.08984376,1e-08,110938.23437501,11484.115234385,9512.5400390725,5244.1357421975,25795.03515626,47747.06640626,2531.39575196312,4839067.50000001,3324586.25000001,376311.68750001,80860.31250001,108419.80468751,117687.03125001,42545.23046876,6752.75048829125,582715.56250001,16423.646484385,12372.3720703225,3408.11645508812,1e-08,7286729.00000001,2909188.00000001,596673.75000001,273387.31250001,1470604.25000001,609796.12500001,79437.18750001,22333.45312501,249511.17187501,48435.55078126,139465.79687501,24608.59765626,4776.27392579125,1e-08,175567.01562501,0,0,0,0,0,0,0,0,0,0,0,0,0,0,0,652103.870361438,28283070.9487307,1007793.75000003,1e-08,35963.3408203425,1e-08,29978931.9099125,451335.84375001,2348446.00000001,3168372.50000001,164074.39453127,2159837.56250003,10792590.75,28796.0185547075,268652.06640628,8539965.43750003,5968154.34375003,13116502.7070313,8837413.52246102,0.173255400149497,0.119031718626629,0.0134732635985645,0.00388180504720481,0.0042136039002611,0.0015232668131448,0.000588023507331937,0.000442973832012506,0.000122022389681974,0.260890171231532,0.104159020524123,0.0213629897319994,0.0526527327414427,0.0218328162701779,0.00284412682961434,0.0049933592463317,0.000881073147678407,0.000171007172401825,0.113438724570418,0.0840825120665264,0.0161593886034279,0.0428689288700964,1.8516220030635e-14,0.99788248911256,8.32333203716796,0.79128039182807,0.74121524536651,0.847079499127595,0.739396403456496,0.211015075221804,0.213257870757503,0.302890175405244,0.464942300627395,0.271038938428412,0.507047041378123,0.312394433452603,0.437372880646055,0.312695573713337,0.0230563318793606,-0.118807951835813,0.0186970623013779,0.288959204776911,0.267550066503952,0.335502933824401,0.285328725214221,0.40724243724815,0.339538126184132,0.20716212172103,0.0503288560531446,0.192915894938773,0.204842349930899,0.0732200322316681,0.0503475174717353,0,NA,4.54603726886865,0.955896016494938,-3.13136408203617,-2.66002304340899,-7.24519064735434,1.12718553685369,-9.0026637092235,-5.61131416855806,6.91549136778069,4.38196332341329,2.71477904304034,14.444380135096,17.8953971615384,12.6874281703328,10.0213391801748,26.0809413957904,22.4660766758832,-4.5773500312894,32.7587883518432,7.7551193723174,9.66202624911315,-0.16205212522215
"GKA119",119,4971,397859.62500001,28190.00390626,1283.90734864281,1337.11169434594,1e-08,16701.94921876,1279.70422364281,6414.93115235375,380.204040537344,48546.51562501,92471.59375001,6785.3662109475,216686.06250001,203431.00000001,31538.18359376,8694.33984376,14373.95703126,13113.900390635,6810.37109376,2102.80029297875,39299.78906251,5738.1435546975,1870.13464356469,1495.095703135,1e-08,375278.25000001,222239.79687501,77885.66406251,39124.41406251,198871.51562501,112989.52343751,9315.603515635,1e-08,22623.15234376,2966.1357421975,25988.71093751,6953.03125001,3194.81567383812,1e-08,12710.8388671975,0,0,0,0,0,0,0,0,0,0,0,0,0,0,0,203391.28717052,1988255.40271018,74633.7802734675,1e-08,2997.01995852609,1e-08,2269277.49011271,50465.76562501,175778.46875001,189005.76562501,32941.74218752,321176.642578155,675403.71093753,7608.27819826219,34298.228515655,451655.24609378,415250.00000003,1029522.09570321,493561.752807697,0.111520027172756,0.104698153568511,0.0162314966213174,0.00739772581684191,0.00674922286662699,0.00350503747527663,0.00295320297834574,0.000962486760158085,0.00076946856440976,0.193141359229524,0.114378321800775,0.0400847718233787,0.102351561381052,0.0581513853665014,0.00479438476664455,0.01337539533691,0.00357845920031937,0.0016442494115576,0.0972740372644305,0.0904664535652157,0.0259727990294475,0.0536663986595487,1.90147356425248e-13,0.934349159000786,0.304850416901752,0.668718928811978,0.930016437163916,0.958830853221091,0.197325183236878,0.208851438016466,0.213348182771455,0.337033180083386,0.432163428155257,0.191130944963863,0.267845562889597,0.106548298679672,0.177872029438535,0.153552171566962,0.102296358351788,-0.0156865736304955,0.0638875495197318,0.143221668939302,0.399016314645123,0.401133264785617,0.371938216824261,0.484224560624696,0.418294134069762,0.242014093649758,0.0970879535392665,0.249110609162442,0.258615418323307,0.454648746445482,0.0683616162898451,0,NA,5.90510932433108,2.02969351362249,-1.76530246486372,-1.32537299054044,-5.46360866324892,1.87673704281249,-6.15342002941059,-5.17567436240066,7.57103705760101,6.54608859720946,3.69691469466779,15.615833274715,19.1458022895623,15.3299886772849,11.1594393361129,32.2351067400156,25.1709022269519,-2.64960319248818,38.9274630978042,8.23016251305013,8.85909585956294,-0.0951302480718708
"GKA127",127,4980,1831366.75000001,225460.10937501,16718.25390626,13054.365234385,1e-08,68404.51562501,11890.923828135,8815.537109385,8302.9033203225,38017.03906251,74099.68750001,5156.38232422875,3036604.00000001,1328569.62500001,243646.81250001,44672.93359376,64190.33203126,82427.72656251,49254.28125001,7477.19970704125,442632.81250001,11777.7900390725,12085.25781251,8433.244140635,1e-08,5397423.50000001,1943404.87500001,456594.46875001,186175.40625001,994222.06250001,443974.18750001,56079.88671876,15650.96093751,152493.50000001,35971.35156251,97241.63281251,24315.85546876,14384.37500001,1e-08,103505.35156251,0,0,0,0,0,0,0,0,0,0,0,0,0,0,0,469919.717285266,18744095.2709963,698631.66406253,1e-08,33248.1923828425,1e-08,19945894.844727,315141.31250001,1562628.37500001,2386187.75000001,121557.48828127,1494276.13671878,7797422.84375003,23863.0478515825,195872.33984378,4608820.43750003,4263957.43750003,9413256.46875008,4828555.82519539,0.163887507587239,0.0717037731944514,0.0131497781179903,0.00346439427986016,0.00444867841259914,0.00265828583248425,0.000635655045698879,0.000652249282896771,0.000455147712076831,0.291302482907811,0.104886834502174,0.0246427026578238,0.0536588161681175,0.0239615778094365,0.00302666823204878,0.00524819463958939,0.00131234265239281,0.000776334143981838,0.128784116395389,0.0843360772968252,0.0170083831291132,0.0450990146901882,3.1308859088109e-14,0.995015670508348,3.04265938199779,0.591069707242336,0.654863966592739,0.8312901117013,0.54238658643571,0.227482701931091,0.230181094751017,0.309218849211546,0.532713541416587,0.25602321493324,0.538529178988089,0.416196297137692,0.48347581230872,0.333985672624134,0.025070280026393,-0.13039659987527,0.06775101118109,0.411225102386133,0.247266564566536,0.285405621503974,0.264739178703385,0.304356650876631,0.279512552620443,0.220530525028141,0.0564426527334279,0.170924137118701,0.185168471354393,0.157685844569547,0.0650597782058048,0,NA,4.89215349241905,1.15493280770312,-2.87815384304604,-2.41263518432066,-6.91496044814153,1.45155449528886,-9.3228580545537,-5.16989440235876,7.03700190486168,3.81035016082701,2.41877592046179,14.1832163813172,18.0481650127272,12.7531861868404,10.2322949737182,25.1331081955393,22.3180454823864,-4.07801805130547,31.8872141659117,8.21227793395519,9.63082268331297,-0.22349469220504
"GKA135",135,5007,2252722.75000001,235331.26562501,16687.64453126,11617.189453135,1e-08,51998.69531251,7452.6708984475,2212.56909180688,1588.67114258813,11367.458984385,26414.78515626,1694.16381836938,4798679.00000001,2213159.75000001,340132.21875001,92428.23437501,108538.40625001,94797.78906251,40203.22656251,32161.044921885,680166.62500001,14231.623046885,14374.1884765725,10789.744140635,1e-08,9339225.00000001,3019774.50000001,649562.56250001,246717.15625001,1419454.75000001,549006.62500001,42476.40625001,11512.1474609475,320228.50000001,67915.52343751,115210.25000001,19440.69140626,17871.23046876,1e-08,342234.78125001,0,0,0,0,0,0,0,0,0,0,0,0,0,0,0,366365.114013782,30157099.6728518,1342629.90625003,1e-08,20658.5314941706,1e-08,31886753.2246098,433562.00000001,2124060.75000001,4449903.50000001,134650.94140627,2010937.78125003,13008562.0625,28605.8115234575,243539.42187503,7351970.96875003,7007526.25000003,15154150.7851563,7624116.20214852,0.160951428655782,0.0742311006020563,0.0114082993548173,0.00364046262522681,0.00317959162990908,0.00134844751061867,0.000477339714010188,0.000482121469486045,0.000361896416548295,0.313244875576757,0.101285587136231,0.0217868339256882,0.0476096171310349,0.018414109515398,0.00142469172664029,0.00386424145755351,0.000652055921201175,0.000599414979785825,0.149253226920443,0.0712426507928898,0.0145420069379218,0.0513373798616927,3.26551751941127e-14,0.998936468040181,8.90907362043182,0.565163999943058,0.477327373503719,0.770120703006709,0.716093756920563,0.232367380352176,0.234483417540329,0.30897252294388,0.547082261067132,0.24342705625977,0.636109377093437,0.466857082078445,0.590102481992053,0.446291975478146,0.0121485526787443,-0.140084733370275,0.0729138335105272,0.431639750349462,0.204441717028286,0.272301796574426,0.244338103581929,0.315631866177756,0.270144956168844,0.239399052308886,0.0486084907370058,0.160455143655716,0.173821082116293,0.072099619057251,0.0602713328021799,0,NA,4.4722457756304,1.14718584658503,-2.88800935701536,-2.42226407812373,-6.92781375278834,1.25039472160099,-9.59054118302069,-5.22426702944216,7.0322724405225,3.10885643304468,2.37351897956941,13.8989034834793,18.1079774139185,12.1980072731709,10.2240840981293,24.0483212403807,20.8304612484179,-3.96813819415011,28.5106628059703,8.69606474259661,9.10446294442338,-0.238109738123252
"GKA143",143,5034,3614923.50000001,483323.09375001,19227.55859376,15438.68750001,1e-08,122176.73437501,6702.82373047875,5501.2294921975,3103.56640626,16354.650390635,34776.52734376,1232.5693359475,5165207.00000001,2561486.00000001,421823.43750001,71409.24218751,86011.59375001,78441.08593751,23323.31250001,1386.76354981469,824537.56250001,11655.7373046975,5690.84619141625,5455.13232422875,1e-08,10054815,3220692.50000001,497038.68750001,244596.31250001,1068925.25000001,348680.34375001,71117.19531251,20043.42187501,406026.12500001,64305.26171876,73876.51562501,8448.3876953225,5578.95312501,1e-08,465231.56250001,0,0,0,0,0,0,0,0,0,0,0,0,0,0,0,707837.440918079,32130230.1488039,1695795.25000003,1e-08,25245.0776367488,1e-08,34559107.9173588,345046.18750001,2263913.75000001,5506645.00000001,82324.9033203325,1488722.78906253,13772546.1875,17346.5834961138,187775.99218753,8148516.43750003,8115604.93750003,15343593.8798829,8353639.01318367,0.162306051684445,0.0804894516531442,0.0132549376333972,0.00270273818273896,0.00246485047905291,0.000732887329409851,0.000366257673970576,0.000178823186771068,0.000171416361234265,0.315951969217793,0.101203665867545,0.0156184228245925,0.0335887868333852,0.0109565657086035,0.00223471221541459,0.00232141820517542,0.00026547328111482,0.000175307176315095,0.173035041572949,0.0711388531217869,0.0108423697911617,0.058227722718606,1.58672579168513e-14,0.998733671464284,13.8979688504388,0.591649236572946,0.41112396931344,0.870205168970859,0.803137131144155,0.252584712276085,0.254207598797038,0.331541090154367,0.569319883652461,0.239522323957601,0.7245369853547,0.499064234279356,0.669236006105865,0.523809830437083,0.0220302636376985,-0.117136125452019,0.0771818339701459,0.420323785668298,0.176393895322606,0.2743545361043,0.24260409630291,0.331511294676779,0.275312984465604,0.265679233424265,0.0419168605427045,0.158135698323502,0.170767155046675,0.0491306694636754,0.0342293878380487,0,NA,4.58231085574702,1.85696728535484,-1.98504098292378,-1.5400587858658,-5.75018591574513,1.48087473825152,-8.95647114623929,-4.78686683689593,7.46558893096385,3.30814670793881,2.74863913235355,14.0835309088889,18.0470812881575,12.56584431898,10.9763696718122,23.3783758080275,20.7600238011027,-4.41210143700297,34.0353253271914,9.63202952963567,10.0588104864468,-0.237778793498094
"GKA151",151,5061,1318411.12500001,321136.56250001,8178.06201172875,9374.416015635,1e-08,99163.03125001,5940.5009765725,5560.10156251,1697.17358399438,9667.248046885,19819.85546876,1664.09533692406,2669204.00000001,1317076.12500001,265053.93750001,49946.11328126,59479.86718751,62901.66796876,60027.60156251,24055.94140626,428763.93750001,16356.0478515725,32137.25781251,8952.095703135,1e-08,5136908.00000001,1827387.00000001,441969.25000001,150244.28125001,993190.12500001,366793.59375001,51731.23046876,11766.64453126,176415.25000001,34880.17578126,102512.97656251,20182.283203135,15647.9794921975,1e-08,163752.12500001,0,0,0,0,0,0,0,0,0,0,0,0,0,0,0,482201.04675304,18007347.8623049,768931.31250003,1e-08,17012.0905762019,1e-08,19275492.3121342,280295.56250001,1488296.25000001,2591598.75000001,122695.259765645,1411714.94921878,7406264.25000003,48493.3056640825,182409.13671878,4251334.06250003,4360190.56250003,8940674.45898446,4482236.50488289,0.149890427171453,0.0739610396933218,0.0148842306228194,0.0033401203882645,0.00353227324761777,0.00337087867404754,0.000918481689413371,0.00180468308216091,0.000502709215564877,0.288465525475181,0.10261779093601,0.0248189946063126,0.0557730664642793,0.0205974696767056,0.00290499198752411,0.00575666522587699,0.00113334576548407,0.000878719772057744,0.145532467242858,0.0835759876990192,0.0157401313640281,0.051200209060673,2.30394702563377e-14,0.998610986616478,16.2027701466433,0.574018684588524,0.574277268037733,0.928616581861542,0.840131506313606,0.242133966414193,0.245279101614633,0.328773088546877,0.55250826548422,0.229025987338552,0.551802374148537,0.425119499678774,0.493383695593944,0.376957653334036,0.0267780158655367,-0.102667001622562,0.0767570401398596,0.394888271991118,0.243044862481238,0.287721423967507,0.26239368091099,0.33040230081673,0.287150500234572,0.249247051808977,0.0606491293101,0.174185276638803,0.189334636581875,0.0411028876901439,0.077457603211593,0,NA,5.28493268863141,1.76991363479929,-2.09578872723944,-1.64825996870257,-5.89462023962395,1.78980788118644,-8.55668925483139,-4.74621614082649,7.41244330010004,4.11456976158985,2.77198857515043,14.4164690103877,18.2958405745227,13.4261753540291,10.8841029515626,25.6371625858223,22.5644643305568,-3.12803966773304,37.2596353187571,8.99215351807815,9.98447808594368,-0.223735176937343
"GKA159",159,5088,898486.12500001,80277.96875001,6663.63330079125,7017.6435546975,1e-08,26458.630859385,3999.01733399437,1605.44543458031,1715.49829102563,6407.43603516625,12294.43359376,1555.88122559594,765836.18750001,735879.43750001,189576.32812501,51291.48437501,62432.57421876,70461.10156251,64438.91015626,11363.4970703225,188440.68750001,11883.244140635,5563.37548829125,18240.58984376,1e-08,1274911.87500001,874218.12500001,358120.37500001,112983.45312501,856484.62500001,210376.93750001,59917.30468751,32464.255859385,102041.25781251,40448.65625001,113982.96093751,21998.021484385,21917.62500001,1e-08,80072.42187501,0,0,0,0,0,0,0,0,0,0,0,0,0,0,0,147995.588379016,7687887.00537132,370554.36718753,1e-08,12732.1591797175,1e-08,8219169.1201176,176736.81250001,688553.93750001,970876.43750001,135980.982421895,1126778.86718753,2507250.37500003,17446.6196289263,197332.58593753,1691291.95312503,1836167.18750003,3770010.22460945,1906071.15869149,0.101402931441097,0.0974364144286739,0.0251014456061011,0.00826657991164206,0.00932962214064517,0.00853223508547533,0.00157343804139657,0.000736636101072555,0.00241520224763725,0.168808687241702,0.115753580257579,0.047418046347915,0.113405520823902,0.0278556152324693,0.00793353779637479,0.015092269811812,0.00291271671517983,0.0029020715676584,0.12855192590333,0.0911701338451182,0.0234013894532195,0.0668873942714236,8.69522283066834e-14,0.997627341938644,6.52961912704582,0.674560454747169,0.709208619042218,0.816345815005349,0.714885177270975,0.23883899258888,0.245703291948763,0.378795578902297,0.499142980220517,0.171749046105929,0.310848811634644,0.157568327796278,0.162429493935623,0.312292331871373,0.0192504895396636,0.0505856899545708,0.0821613263867219,0.102937200313555,0.407572968496485,0.383390504635723,0.406777684458363,0.490025824629747,0.441020445092088,0.322376324638082,0.130449251268977,0.25691987795235,0.271437284207534,0.0830729735150888,0.112335441171459,0,NA,6.66428928844322,3.34312095647724,-0.0943888881190968,0.307119179290792,-3.28444669287814,2.51569077106459,-4.32231738655521,-4.34176475284346,8.3728751149241,7.70662374161358,4.7138259334019,15.9303420548214,19.3620957437673,16.6853380531209,12.5515192967432,33.0254056198546,25.7393257887632,-1.70925636501716,31.0622889882953,10.116563613926,9.90958768878114,-0.12034740131822
"GKA167",167,5168,1025546.62500001,111475.53125001,4617.73974610375,5964.94384766625,1e-08,41293.28125001,1662.54650879906,3493.10961915062,795.015075693594,10112.1728515725,20697.978515635,2217.36083985375,593030.31250001,514800.31250001,173810.87500001,35576.89843751,49216.98828126,38198.15625001,54060.95312501,5039.86718751,135959.89062501,9318.716796885,5437.732421885,14674.154296885,1e-08,975173.06250001,614337.43750001,265505.62500001,104658.21875001,550381.62500001,204281.46875001,54056.52343751,24714.732421885,59502.62109376,20340.64062501,84118.64843751,15943.7001953225,13361.650390635,1e-08,39876.74609376,0,0,0,0,0,0,0,0,0,0,0,0,0,0,0,202329.679504505,5544711.89550803,235339.25781253,1e-08,8422.5054321589,1e-08,5990803.33825725,118282.67968751,443086.21875001,636395.87500001,100062.348632832,808719.61718753,1855016.12500003,14756.44921877,141476.09765628,1281641.50000003,1197764.77343753,2763798.09082039,1437874.04687508,0.109264540523877,0.0948508337958881,0.0320242742986748,0.00906812265270308,0.00703792690448103,0.00996061260104135,0.0017169532275532,0.00100189032844598,0.00270368089628739,0.17967350801368,0.113190331792784,0.0489188318213169,0.101406612951863,0.037638414681395,0.00995979644078925,0.0154986773479879,0.002937591956722,0.00246185491668842,0.117254550749741,0.0816376685705779,0.0217933255275016,0.0587116263379729,6.21582609265657e-14,0.994544192303358,5.38581732345517,0.690905853985506,0.696243071578682,0.910546177261875,0.683137343722845,0.216019298389134,0.222282520901076,0.352235229044434,0.470241353434857,0.192726870565989,0.335950504876787,0.163984292913366,0.210095073335074,0.286013698787917,0.0364905667449411,0.00781501442113641,0.0786060182709959,0.142655456950127,0.381364229058332,0.381200881331,0.386494733756085,0.464692256092849,0.418611401996847,0.288667373446671,0.140058799053662,0.260629840192331,0.27746445273905,0.102298281529054,0.0967631683500529,0,NA,5.79591878528198,2.50779795344745,-1.1570684859322,-0.731124896653077,-4.67036574846144,1.83459125845719,-5.504071151544,-5.09778128388815,7.86291639765313,6.90049650275333,4.30755725851107,15.7527510569389,19.2514362976863,15.5299936336991,11.6661743014811,32.4378398239954,24.51265010987,-1.78002633208287,36.2621489848555,9.08000528804036,8.66589002015089,-0.118006124390423
"GKA181",181,5586,1069765.00000001,131264.93750001,7212.88134766625,7162.21337891625,1e-08,76399.43750001,4108.61279297875,12507.5048828225,645.680786142813,97953.12500001,213445.32812501,10117.5771484475,737268.56250001,678995.43750001,198298.09375001,48248.54687501,100211.17187501,70901.46093751,85425.68750001,11671.373046885,181281.96875001,20851.705078135,8421.3310546975,16545.044921885,1e-08,963360.68750001,728990.62500001,311187.81250001,108234.68750001,730127.50000001,262884.21875001,50987.10546876,35412.20312501,88980.15625001,20685.74218751,108203.36718751,25941.82421876,26597.08203126,1e-08,36877.07421876,0,0,0,0,0,0,0,0,0,0,0,0,0,0,0,560817.298462024,6638356.46386741,307139.19921878,1e-08,11916.5069580378,1e-08,7518229.46850627,131878.57812501,483971.18750001,772295.50000001,134145.19140627,1043998.82421878,2003539.12500003,29273.0361328325,256538.32031253,1614562.09375003,1388145.26562503,3181683.14062508,1900373.45019539,0.113193555319537,0.10424682608974,0.0304448980823731,0.0153855181194837,0.0108855698575456,0.0131154884062234,0.00320138244368519,0.0012929351000288,0.00254017674547135,0.147905697895804,0.111922635570619,0.0477769657633886,0.112097181088696,0.0403608683066724,0.00782809960578115,0.0166125675940502,0.00398287335735393,0.00408347572292377,0.118571274904021,0.0743045644040245,0.020247445622578,0.0653830443411666,4.39783209124651e-14,0.9536375648965,0.614981544234743,0.805855036022821,0.626665813150541,0.932106007037154,0.300672557538475,0.209109780889398,0.218517970695427,0.353477976858072,0.449972268217386,0.215126315469832,0.290630224454547,0.112629463535986,0.15520971125744,0.303226941772328,0.0844813473808697,0.0283049057226669,0.0869248533114927,0.0820112886658532,0.411593077712942,0.400376844301121,0.430756084517175,0.479427167180695,0.4529302988499,0.312300445049936,0.140815824502011,0.270596334401566,0.282582695419268,0.380596905106813,0.045256063997164,0,NA,5.93618371890096,2.54688237218635,-1.10734614590855,-0.682545884617978,-4.60551916754582,1.80670581603703,-4.93793545488271,-5.21556002434332,7.88677715567498,7.58846618851969,4.92742158402678,15.8416449489731,19.4261772065211,15.8309590843032,11.7075992286024,33.3787037529764,24.0939415092346,-2.38754270366819,37.4522515884509,9.45008583344187,8.17229611836805,-0.0964942913593143
"GKA201",201,6183,650489.37500001,107608.31250001,3648.013671885,7290.59521485375,1e-08,67808.14843751,2885.26586915063,24106.056640635,6054.37158204125,157837.57812501,324963.28125001,22407.84765626,445283.65625001,358865.75000001,99072.74218751,24355.07031251,46802.68750001,40552.97656251,46667.58593751,3773.95678711937,65274.25781251,13233.91015626,5219.49218751,8673.34765626,1e-08,560635.93750001,385533.03125001,159983.68750001,48439.64062501,353822.75000001,133810.95312501,24321.337890635,12693.2802734475,32641.85546876,9709.025390635,56783.38281251,12662.7685546975,18609.03515626,1e-08,35532.32812501,0,0,0,0,0,0,0,0,0,0,0,0,0,0,0,724609.470947376,3482423.07885764,133448.44140628,1e-08,16230.2326660456,1e-08,4356711.22387736,59259.98046876,231330.78125001,372011.00000001,69446.1513672075,511955.041015655,1106152.65625003,18453.40234377,134023.25000003,903222.14843753,662601.76171878,1687553.84863289,1055698.80078133,0.129701693516928,0.104529988619412,0.0288577904504792,0.0136326311210635,0.0118122227561765,0.0135932788987058,0.00385475760231825,0.00152032747332259,0.00252636238426497,0.163301368733315,0.112297602568564,0.0465998581187175,0.103061069580446,0.0389762951948175,0.00708429035904619,0.0165397961749295,0.00368839615625827,0.00542041761606406,0.108358921396918,0.0673817546850948,0.0172611765931574,0.0530645077756349,4.9219736437528e-14,0.879925585749988,0.331139912442051,0.816543849833119,0.621838551145003,0.969076785467585,0.215748530237517,0.190270322334338,0.198982709284145,0.318692223278001,0.426528959505294,0.246167918326456,0.32701875845275,0.141009450834914,0.202447438259471,0.316946406633512,0.208076231560317,-0.0222105599359183,0.0688105157868029,0.130757614191738,0.385527309615284,0.388132827739934,0.407467422821249,0.446267506026653,0.425293359129594,0.269978039305728,0.128923896668348,0.258528362204141,0.272195782385912,0.448466786978569,0.0645069373693006,0,NA,5.12426762738139,1.45287042209313,-2.49912414664718,-2.04232099206294,-6.42063978935391,1.19161300983382,-6.33367777102942,-5.87260805840649,7.21889068693762,6.69149033126305,4.45554159109447,15.4319994652977,19.0602181469416,14.298170012096,10.5480741092667,32.1377771596428,22.891648992711,-3.65936912355495,39.4930385578107,8.24697015398459,7.35026796637909,-0.107836736227293
"GKA241",241,7378,1559152.62500001,116136.38281251,7779.6025390725,51044.60156251,1e-08,62517.33593751,15324.119140635,14578.779296885,5018.95654297875,93324.78125001,199688.00000001,11925.3369140725,772301.37500001,746016.68750001,261754.12500001,73086.71875001,110368.13281251,80142.25000001,101859.93750001,11788.17968751,157755.37500001,22959.529296885,13778.646484385,22272.896484385,1e-08,983934.06250001,917492.68750001,459091.21875001,161728.64062501,967148.43750001,373325.09375001,86911.55468751,27926.47265626,172938.04687501,54746.44140626,134745.23437501,61406.00781251,23887.857421885,1e-08,107571.43750001,0,0,0,0,0,0,0,0,0,0,0,0,0,0,0,577337.895996204,8401264.87890647,438264.85937503,1e-08,71387.6772461237,1e-08,9488255.31152385,211423.42187501,738677.56250001,1111325.37500001,196151.24218752,1427385.08593753,2360517.96875003,36738.17578127,292370.32031253,1780072.18750003,2061426.35937503,3984054.29687508,2109180.68359383,0.0941736531010197,0.0909685247371168,0.0319180348028146,0.0134581791375063,0.00977246538015815,0.0124206983562827,0.00279966191613671,0.00168015429756556,0.00271593460140527,0.119979930213321,0.111878135754125,0.0559811215877833,0.117933107979146,0.0455228865450597,0.0105979075870631,0.0164306983903112,0.00748778684752924,0.00291286131424431,0.135513898764728,0.0900735992142728,0.0257807594724112,0.0770212593078941,4.9748248840981e-14,0.963370777266662,0.581589193203919,0.75410236696594,0.664681630706042,0.919633080815246,0.286269312244637,0.245370951765938,0.255374928533873,0.419026957307341,0.495574871902065,0.180167373088219,0.242447717341652,0.0766531887720436,0.0893030758977413,0.261137278078111,0.0687203539369124,0.116514638751227,0.137139810515808,0.0235574833899855,0.448773390666519,0.422901786343893,0.482528547313222,0.491344143184097,0.486442546507993,0.387550760965771,0.174092415947503,0.298497101145698,0.307720766481078,0.345877174155433,0.056354372970898,0,NA,7.35194422722289,4.60839780731586,1.5152685618667,1.87976376114395,-1.18517336770297,2.91694787172026,-2.5007005313036,-3.99680747299126,9.14531758030094,9.27562601027648,5.75503063677225,16.6174770233688,19.6943613029239,18.6052670364936,13.892565243578,35.0782136639984,26.3659010317894,-1.1972305717431,36.7637460610016,11.4192120962503,9.8252407716161,-0.0765479145947245
"GKA261",261,7622,1451184.75000001,74595.57031251,8048.564453135,31662.818359385,1e-08,31792.15234376,9006.6435546975,7055.857421885,266.980987558828,43566.72656251,83089.75000001,6245.89062501,777877.37500001,749728.43750001,339835.34375001,89419.00781251,112021.68750001,76805.33593751,122962.81250001,16094.36328126,141834.78125001,24085.755859385,10942.6298828225,28108.525390635,1e-08,1026661.62500001,950016.62500001,563235.50000001,135296.70312501,1063650.75000001,374370.43750001,86552.64062501,39582.32812501,147133.39062501,69147.07031251,158001.81250001,44793.39062501,33405.45312501,1e-08,51615.96875001,0,0,0,0,0,0,0,0,0,0,0,0,0,0,0,295330.954620471,8756220.95214866,340584.14062503,1e-08,40936.4429016413,1e-08,9433072.49029582,195196.09375001,733047.12500001,1105625.50000001,202795.20312502,1524573.82812503,2539913.75000003,35028.3857422075,311789.83593753,1867441.15625003,2033868.71875003,4267282.78125008,2214259.37792977,0.0906942042771237,0.0874122660567082,0.0396220497949944,0.0130608218417381,0.00895488035898917,0.0143364684380561,0.00280820413639099,0.00127582205347167,0.00327722649563748,0.11970043368498,0.110764247198234,0.0656686993796781,0.124013066198275,0.0436485621322276,0.0100913371719662,0.018421732164445,0.0052225467023123,0.0038948053858611,0.128906982223254,0.0854673600700988,0.022758284235558,0.0581840582601672,8.2309848415127e-14,0.985152125030597,0.897771028466219,0.735238019893395,0.663015754430414,0.848547400336183,0.344239974902781,0.232276998246709,0.241856500864315,0.401945551179791,0.489761049124924,0.17685400460214,0.24091434543455,0.083371123756122,0.0743706304449311,0.268636102139024,0.0337281295474849,0.108614844165815,0.133483676823742,0.0259824842534597,0.457293136777056,0.411002979543603,0.480612676848142,0.490786583400749,0.48504773933406,0.379918557868464,0.204900867517925,0.307951923530764,0.319896480994857,0.281344534665485,0.0699148803468784,0,NA,6.94156718817987,4.07118758460444,0.831841502703455,1.21205159561805,-2.07648113943849,2.57983939005454,-2.71897185569853,-4.39714303944899,8.81735458265199,8.94736659614599,5.64194691135142,16.52307964937,19.7416813080475,17.9611114132179,13.3231850393264,35.4128180529951,25.9887116309759,-1.06259766148334,32.8398164985573,11.0696003721221,9.07213786592117,-0.087815497945133
"GKA281",281,7714,1906699.12500001,98467.97656251,7404.02294922875,35294.75000001,1e-08,43202.72656251,834.014953623281,10309.13671876,682.839294443594,58659.01562501,113540.07031251,8501.8017578225,885297.00000001,876661.68750001,336762.71875001,99042.93750001,119932.10156251,87564.15625001,168440.20312501,17029.23437501,168213.39062501,30817.78515626,12499.990234385,32763.294921885,1e-08,1421011.50000001,1105918.25000001,611634.25000001,163162.70312501,1331233.00000001,366112.78125001,104062.35156251,55163.67578126,187519.90625001,98560.26562501,198037.57812501,52575.34375001,32368.279296885,1e-08,98987.31250001,0,0,0,0,0,0,0,0,0,0,0,0,0,0,0,376896.354736438,10410813.2285158,454720.60937503,1e-08,36811.6042480769,1e-08,11279241.7968754,228251.84375001,888276.18750001,1306489.62500001,250612.92187502,1801408.13281253,3138564.00000003,43317.775390645,375936.46093753,2098721.40625003,2423017.65625003,5190585.05468758,2517975.6425782,0.0868218284401758,0.0859749560115984,0.0330266057519231,0.0117618430270631,0.00858749114867331,0.0165190737324851,0.00302232635572353,0.0012258846552441,0.00321312415024873,0.139359804296769,0.108458341743346,0.0599834901977934,0.130555150576473,0.0359049913005959,0.0102054831705534,0.0194217134280104,0.0051561085999914,0.00317438463252198,0.128128546782175,0.0871139998877422,0.0223848521108927,0.0649740505281525,6.27416089983108e-14,0.982945065904142,0.86725308775558,0.668688421281201,0.679895324465361,0.893340974558611,0.332950549876856,0.232740478871837,0.242506465522004,0.387150308461593,0.502254177614881,0.161864336128977,0.250967829320125,0.121747222669456,0.0895079912957451,0.284018511382193,0.0362023932678089,0.0865867048469275,0.119008893997663,0.0656866925444761,0.448656672878121,0.385552226289963,0.437652946228521,0.497549513345216,0.462259619570718,0.361628183971669,0.181085599730392,0.283318913010177,0.295729677078583,0.301250115278796,0.0696629903622171,0,NA,6.90471283893702,3.60587720111711,0.239883841548352,0.633705557763689,-2.84849690447406,2.55807453290099,-3.32760934507939,-4.40397088274225,8.53328592246259,8.40159925679484,5.25899874621841,16.2302048369067,19.7610346718314,17.3395116678554,12.8300102820531,34.906896811293,25.9937182544027,-0.994280935087051,35.3124217956353,10.7853871658948,9.07179842464559,-0.115103869153287
"GKA301",301,7817,1215348.62500001,59035.28906251,7284.21142579125,24880.32031251,1e-08,34253.54296876,3209.80810547875,6452.20751954125,3189.95434571312,33088.26953126,69226.59375001,5761.67578126,554475.81250001,521101.34375001,233439.15625001,64173.42968751,87394.58593751,53309.60156251,99832.06250001,9830.22656251,107965.64062501,21608.412109385,7469.08251954125,18329.091796885,1e-08,795934.43750001,635513.31250001,375131.96875001,130130.89062501,842172.87500001,196495.40625001,66343.53125001,40256.05078126,115649.81250001,50188.13281251,114619.56250001,35214.05078126,22731.16796876,1e-08,50516.05468751,0,0,0,0,0,0,0,0,0,0,0,0,0,0,0,246381.872802844,6258831.02978538,274131.50781253,1e-08,31280.0827637019,1e-08,6810624.49316447,139792.96875001,483381.68750001,791466.62500001,149833.61328127,1105011.81250003,1806579.71875003,29077.4946289263,240536.25000003,1309016.31250003,1414641.28125003,3061425.14453133,1578630.05712899,0.0909609480670646,0.0854859151615769,0.0382953529978842,0.0143369543153955,0.00874536235826029,0.0163773041993445,0.00354482848013044,0.0012252920900289,0.00300686076735383,0.130571883213076,0.104255031709324,0.0615398521603948,0.138157231423625,0.0322347847108725,0.0108835595071475,0.0188031719995593,0.00577681365378785,0.00372901494077357,0.129838945090936,0.0792980605862906,0.0229328325671739,0.0655629700645554,9.34358939479173e-14,0.982590151420697,0.852783386623027,0.724582645821872,0.610741719526081,0.864483916432912,0.39023135517617,0.226023242122665,0.236198022862863,0.380091506556391,0.504694522454698,0.174715896135688,0.253443670064334,0.129699094167202,0.0782890577832953,0.32198745795327,0.0393654776156009,0.0825975472323585,0.122097401222635,0.0672770344705692,0.455054842278966,0.374899649994373,0.443965427658817,0.48448532094789,0.461349487740057,0.369520131730261,0.195330562401521,0.285115106197947,0.297979078678065,0.280972755675923,0.0768343611244075,0,NA,6.69511309948397,3.38387788119848,-0.0425388226788126,0.357776991289311,-3.21682518788754,2.37414238096966,-3.43782976996993,-4.61619538491456,8.3977569258827,8.49859931065674,5.45458125866923,16.0561951868443,19.7864852806527,17.0559262933695,12.594716885213,34.9757384588064,25.2475777095834,-1.04261408038875,33.7195121870967,10.9858936584564,8.39812017871406,-0.124603015898308
"GKA341",341,8039,2659751.00000001,114420.50781251,64171.84765626,5452.3056640725,1e-08,43934.64062501,1035.16137696313,5923.693359385,738.792053232656,36549.00390626,78522.96875001,5257.66845704125,1201166.62500001,906148.31250001,353449.84375001,121542.36718751,143568.78125001,90160.02343751,187592.65625001,14321.5419921975,318422.96875001,33648.60937501,16116.103515635,33424.24218751,1e-08,1437836.25000001,1073522.12500001,609547.87500001,240078.89062501,1391947.62500001,465012.40625001,112078.25000001,69833.76562501,272763.90625001,159240.40625001,221970.04687501,60021.87500001,34666.59375001,1e-08,241730.57812501,0,0,0,0,0,0,0,0,0,0,0,0,0,0,0,356006.589660755,11450210.333008,832917.45312503,1e-08,7226.25909426829,1e-08,12646360.6348881,329882.50000001,928075.00000001,1512522.62500001,281991.92187502,1969038.28125003,3120906.25000003,49764.712890645,421321.46093753,2460764.78125003,2770480.12500003,5371936.45312508,2931850.9550782,0.107801830205595,0.081324642636663,0.0317212776721401,0.0128849545575225,0.00809164635084898,0.0168359919897707,0.00301988217038513,0.00144638172474053,0.00299974575221702,0.129042362699637,0.0963460417835032,0.0547054631350016,0.12492396841723,0.0417337506876353,0.0100587547345825,0.0199212805333711,0.0053868196490828,0.00311124383200781,0.135745286131614,0.0832925103692902,0.0296061649671609,0.105072004369911,4.37731224359018e-14,0.98905254830836,1.45715972834376,0.788477635702773,0.613594127228347,0.462042047000566,0.576460793726588,0.2419588849834,0.252340722705424,0.394464199671009,0.525191098901954,0.199603809303459,0.243011000153466,0.149732865406282,0.104382625615223,0.268657669677926,0.0310917074278084,0.0642410155908047,0.136130859687401,0.124846965559417,0.440200130673653,0.370819031193131,0.42746671908186,0.430001371116842,0.42862317889906,0.364329359171707,0.172528569555334,0.271673800374233,0.283415182806001,0.220566054198143,0.0627551738959411,0,NA,7.254690032998,3.83589907965325,0.532512628837086,0.91960556513976,-2.46685806116673,2.8258581829489,-3.94502073922607,-4.10315026513389,8.67371263368338,8.97636091307593,5.58907292674502,16.0633475291231,19.4262220162875,17.6634999381699,13.0738066557003,34.0080539476934,25.312549395617,-1.45896430350732,11.5047209944312,10.7541101310896,8.99439684908154,-0.130726899230944
"GKA361",361,8149,2260038.75000001,154723.65625001,12952.60937501,60608.48437501,1e-08,71701.88281251,5617.498046885,9305.806640635,4353.24560547875,70618.69531251,143416.10937501,8808.4072265725,1377694.12500001,1180583.12500001,339092.28125001,129529.40625001,178939.59375001,114040.84375001,218177.48437501,24847.30468751,177582.42187501,47537.13671876,18272.119140635,44788.26953126,1e-08,1824245.50000001,1346550.50000001,643615.18750001,243649.04687501,1721648.87500001,456799.34375001,133830.06250001,72128.51562501,203128.96875001,104049.63281251,253916.89062501,76844.17968751,49309.60156251,1e-08,130595.03906251,0,0,0,0,0,0,0,0,0,0,0,0,0,0,0,542106.395019641,13366663.7558596,511306.42968753,1e-08,70579.2280273737,1e-08,14490655.8085942,356450.37500001,1101545.50000001,1578854.87500001,330761.07031252,2312278.28125003,3814411.18750003,65809.255859395,511157.92187503,2897369.53125003,3036850.75000003,6457450.53906258,3474336.70898445,0.105467502275281,0.0903779374264925,0.0259587489670579,0.013698477527417,0.00873024187983606,0.0167022809433381,0.0036391409269065,0.00139879725990638,0.0034287051334374,0.139652636191594,0.103083344369006,0.0492710863901393,0.131798490932302,0.0349696532430962,0.0102451786395044,0.0194382626402834,0.0058827017905985,0.00377482956529789,0.120867090234127,0.0843273194095795,0.0272875742547992,0.0580901837714945,4.02116815170341e-14,0.982995585701488,1.07884432874575,0.759585002462456,0.697686353218501,0.873963486821442,0.381665695604089,0.227195866183793,0.237445097422726,0.369700399886599,0.498038056861124,0.194593034621136,0.235168482465642,0.129327942037144,0.0811339788171615,0.273522486674703,0.0405565969879355,0.0470339022836647,0.10104605049206,0.102784932378037,0.453430890819938,0.371415991979937,0.424672700482781,0.461475833004418,0.441106879720905,0.330249475270272,0.146415312110052,0.258915652044994,0.269239231471947,0.264553435806294,0.0578645767660853,0,NA,6.8373927245243,3.05707757643354,-0.458287000537169,-0.0484113684328378,-3.75903313391726,2.46638215613513,-4.42045327990234,-4.54167721739335,8.1982476778227,8.36553197499718,5.12344960477699,15.8526060219698,19.4999630652199,16.7610640584363,12.2483466628866,34.0502536396711,25.3345946031373,-1.65120140955179,34.2427844725436,10.028107623579,8.72398859161654,-0.128337656974525
"GKA381",381,8260,1494723.75000001,139337.70312501,5945.6455078225,48731.87500001,1e-08,62631.52734376,8246.853515635,9198.17578126,1045.35717774438,75982.10156251,152496.04687501,6049.30712891625,703513.81250001,791787.68750001,169198.67187501,49032.19531251,94298.18750001,77320.71093751,91091.89062501,8722.037109385,91681.85156251,23132.08203126,10991.705078135,21079.29296876,1e-08,952845.12500001,930322.18750001,340135.12500001,111670.60156251,793085.93750001,313047.84375001,43656.04687501,32010.06640626,67920.84375001,26956.392578135,121276.75781251,46378.41796876,23905.556640635,1e-08,41245.01171876,0,0,0,0,0,0,0,0,0,0,0,0,0,0,0,509664.593017688,7239147.96093772,200847.70703128,1e-08,58024.0856933894,1e-08,8007684.3466801,175353.56250001,557767.62500001,834519.75000001,167655.17578127,1149789.82812503,2223302.43750003,34123.787109395,262710.78906253,1664500.17187503,1567640.93750003,3540747.44140633,1961334.74804696,0.0988816146520036,0.111288852628712,0.0237815343134792,0.0132539786328051,0.0108677279787477,0.0128033210814956,0.00325130449590648,0.00154492708827178,0.0029627769738687,0.133926104646723,0.130760417794333,0.0478073205703571,0.111471326737878,0.0440000973731112,0.00613602793239327,0.0170459220831017,0.00651866782467248,0.00336001937386394,0.117295010947615,0.0783964186355097,0.0246466282351518,0.0407964186331446,4.60589537065353e-14,0.968717594345772,0.913713541959649,0.748661155495633,0.668369592211572,0.929070445279002,0.329109332212782,0.216550476100086,0.225809589774506,0.378807054931783,0.42958752223215,0.18898054194842,0.279862179254845,0.0261722995197083,0.121604946546234,0.30677968021319,0.0704039475042956,0.0786559456398829,0.0847291601979272,-0.0169064016501817,0.430452369522159,0.446654662303749,0.494019931911918,0.529517082340919,0.509730878268985,0.335030266302361,0.131008142143536,0.288831402223643,0.297029772770731,0.299208634392457,0.0381550576926174,0,NA,6.22327872663473,3.34348187760459,-0.0939297321793475,0.307567777283415,-3.28384787365954,2.03749390116742,-3.54673622197004,-4.96362490303053,8.37309545469024,8.22376934825688,5.16696066185281,16.3319180965243,19.6014903609213,16.8590848215359,12.5519018310594,34.6897094049192,24.9565023120167,-2.09793553603472,37.2846885794009,10.1796766944634,8.86988018583062,-0.0507804673003668
"GKA421",421,8481,944661.87500001,171411.23437501,9809.716796885,40999.08203126,1e-08,88915.84375001,6578.51708985375,16525.923828135,741.475830088125,132488.98437501,279115.50000001,14101.1435546975,652742.25000001,780300.31250001,235454.53125001,95575.64062501,116023.88281251,117622.17187501,228552.06250001,19514.46484376,84821.92968751,36850.19921876,22254.150390635,39069.64453126,1e-08,908969.50000001,890573.06250001,374294.81250001,194421.26562501,935305.93750001,510182.06250001,92518.24218751,69738.62500001,91440.59375001,40030.93359376,177018.43750001,102583.60937501,53344.82421876,1e-08,74155.73437501,0,0,0,0,0,0,0,0,0,0,0,0,0,0,0,760687.42163097,8464840.83007835,250418.25781253,1e-08,48319.0749512019,1e-08,9524265.58447307,246630.60937501,661684.62500001,1065769.00000001,279602.04687502,1538006.24218753,2173837.37500003,59104.349609395,462198.11718753,1668497.09375003,1974084.23437503,3991445.66406258,2189799.56054696,0.0791419151369433,0.0946077278025211,0.0285477499438665,0.0140673478504052,0.0142611328510677,0.0277108582058981,0.00446791262454746,0.00269821063622032,0.00473700988701662,0.11020825912689,0.107977777960018,0.0453814783508704,0.113401427795893,0.0618571656649556,0.0112173999336231,0.0214626495501094,0.0124377781698645,0.00646780800739679,0.129219457992162,0.0802261358739535,0.0299027966357768,0.0485445775139532,3.48842013485517e-14,0.946191687360508,0.61412295044526,0.767535379112712,0.620851821548576,0.92416298799732,0.282155391068492,0.23320984694248,0.248514471019631,0.424705920188444,0.463647847446638,0.163459013857061,0.212103670906256,-0.00699546226617812,0.09220724370704,0.222566583811829,0.0898643503050877,0.119893519160601,0.158209415271753,-0.0293426608357288,0.447119737963048,0.461584558047889,0.494888579496991,0.544506027189265,0.516884570827814,0.405623904190353,0.158692416995227,0.310138487521558,0.310828098684911,0.366925352073741,0.0480912112755515,0,NA,7.3113207875701,4.78700118992656,1.74248386673964,2.10175442016627,-0.888845084566999,2.70131602812235,-2.40734206559259,-4.30789022613589,9.25435366761812,9.33420964404302,5.82571146882789,16.9759761227044,19.9892183353533,18.9919914967823,14.0818640062815,36.3764944545297,25.8252755594048,-1.95568427776775,37.013796937452,11.9209684267411,8.48323924050234,-0.0389419272581938
"GKA441",441,8592,2990916.75000001,278361.56250001,13968.0478515725,162452.17187501,1e-08,118452.46875001,18924.61328126,22802.23046876,535.308227549062,122293.75000001,252960.87500001,17228.697265635,1583906.87500001,1715190.25000001,528481.87500001,218281.59375001,217964.71875001,215853.00000001,527424.31250001,44349.35156251,194547.07812501,71565.75000001,43705.45312501,56504.30468751,1e-08,2247875.00000001,2083442.50000001,869821.37500001,398542.78125001,2055208.00000001,906852.06250001,170542.82812501,269824.90625001,328165.18750001,173223.51562501,332545.87500001,182888.26562501,72538.23437501,1e-08,168781.06250001,0,0,0,0,0,0,0,0,0,0,0,0,0,0,0,1007979.72521984,18558911.8671877,691493.32812503,1e-08,181912.093383819,1e-08,20440297.0139164,530778.50000001,1363677.75000001,2250013.75000001,515434.14062502,3132602.89062503,5201138.87500003,115271.20312502,961242.03125003,3827579.00000003,4144470.00000003,8849175.90625008,4904092.23437508,0.0878641008144472,0.0951467863550733,0.0293164866423152,0.0120911616235288,0.0119740182029967,0.0292578204545587,0.00396996841930013,0.00242447355973308,0.00313446453315861,0.124696419174439,0.115574851495675,0.0482516202119279,0.114008598457948,0.0503058243517566,0.00946052604485142,0.0184473246171302,0.0101453647700438,0.00402391506636262,0.124815062100095,0.0756473257333507,0.0294438873713088,0.0577677805415428,2.30635652150535e-14,0.978063855327394,1.10041350268099,0.73591170933693,0.606075296206525,0.91900301035253,0.3648760038558,0.223314277779802,0.237065295618033,0.399890746876516,0.458822318084628,0.17371058713265,0.258792612174402,0.0297821287376883,0.119124121386786,0.280707207696664,0.0543124366575581,0.0931120627963062,0.126492198724538,0.0037734706030235,0.431853370334093,0.441617270729078,0.481018189038324,0.519896864206445,0.497827829375655,0.369958789925631,0.154872847879302,0.29824505930419,0.304264835841396,0.250958296750304,0.0637652190688399,0,NA,6.69167005313016,4.00656398926642,0.74962878252939,1.131729295403,-2.18370082798342,2.2853041181363,-3.14731370493806,-4.71091844439273,8.7779023400291,8.71015543558948,5.47488597430849,16.5699050242535,19.7550359852302,17.7825980305009,13.2546915625505,35.4643986571634,25.0234315576523,-1.91460187932455,36.7289661714596,11.2190772296882,8.18630504614093,-0.0589315712081122
"GKA461",461,8702,2489359.25000001,304786.68750001,15316.9443359475,90473.03125001,1e-08,140263.12500001,16342.0419921975,28900.083984385,889.654602060781,215309.87500001,428364.37500001,19533.404296885,1567447.12500001,2292803.75000001,398688.68750001,100454.46875001,183728.06250001,236016.82812501,172029.56250001,24828.435546885,122869.88281251,39188.96875001,30576.46093751,42236.79687501,1e-08,2414148.75000001,2635765.75000001,711059.31250001,347247.15625001,1816206.87500001,943593.81250001,132761.21875001,103432.70312501,104747.14062501,35418.71484376,220691.93750001,119205.86718751,71877.01562501,1e-08,150507.29687501,0,0,0,0,0,0,0,0,0,0,0,0,0,0,0,1260179.22296154,18297272.0917971,378124.32031253,1e-08,107704.727844268,1e-08,20043280.3629154,444726.43750001,1414327.25000001,2051775.37500001,339897.80468752,2892561.90625003,5760973.81250003,69765.42968752,591774.45312503,4258939.56250003,3910829.06250003,8993433.52343758,4920479.44531258,0.0873772072562866,0.127812150895834,0.0222248671248959,0.010241905286508,0.0131567380986138,0.00958977339460276,0.00218458574456203,0.0017044822258362,0.00235448666530898,0.134576517645694,0.146930538544814,0.0396379411648898,0.101244298455788,0.0526005571770483,0.00740076289738753,0.0123024533683901,0.0066451209723635,0.00400677814968068,0.114376044541037,0.0788415527901549,0.0247912376003038,0.0303718873670636,2.04387445984135e-14,0.965730995643268,0.711512687066946,0.739274244444417,0.689318756445258,0.924921929136272,0.291724527066955,0.213738367275705,0.221755979063214,0.393866607733483,0.394945543085397,0.164591875336489,0.291124208050441,-0.0456890133540326,0.140637007267321,0.2984158290568,0.0688725191733084,0.10507463535827,0.0714664130189235,-0.0926637073178205,0.419742954494686,0.500662063146192,0.521942648731973,0.593952005774754,0.553140070085399,0.340071129387239,0.110754250906886,0.305708157026539,0.311462354145684,0.339923375338085,0.043611299720102,0,NA,6.03376109131364,3.81710481321803,0.50860297541664,0.896245696301838,-2.49804040846688,1.92603233945694,-2.81678782505101,-5.0739443574687,8.66223886848287,8.17175674770034,5.10247372152029,16.705036867013,19.691920458636,17.3715669856935,13.0538869244494,35.3420712762258,25.228205368212,-2.00897637941962,37.0556904883222,10.7036383442591,9.33651478088893,-0.00107893535191406
"GKA481",481,8813,1174373.62500001,121884.25000001,8495.837890635,51814.94140626,1e-08,63385.88671876,2256.673828135,16742.185546885,1310.25451661156,99467.40625001,196021.09375001,15189.955078135,708254.81250001,859251.81250001,141384.12500001,35437.92968751,55822.01562501,48350.31250001,55623.98046876,6192.78125001,121270.69531251,12327.73828126,6857.09033204125,7895.57958985375,1e-08,1035882.87500001,719127.25000001,229072.68750001,94289.71093751,538514.75000001,230541.90625001,35580.98046876,18384.99609376,73401.23437501,19928.142578135,63535.84765626,17765.77734376,19746.857421885,1e-08,17520.53125001,0,0,0,0,0,0,0,0,0,0,0,0,0,0,0,576568.484985462,5952103.1098635,212192.46093753,1e-08,55381.8697510066,1e-08,6796245.92553752,97047.88281251,354553.34375001,606687.50000001,81301.62500002,804637.63671878,1984082.81250003,19184.8286133013,159796.30859378,1708890.75000003,1058288.72656253,2870022.07421883,1887871.88720711,0.121197126428383,0.14703585307919,0.0241937638405983,0.00955230768049514,0.00827374390331508,0.00951841974716141,0.00210953237264429,0.00117339074756126,0.00135109785473833,0.177261100878677,0.12305762657468,0.0391991003495338,0.092151072025789,0.0394505142297532,0.0060886456571985,0.0108723047485542,0.00304009393911481,0.00337909793662491,0.103816847188765,0.0606714499777228,0.0166069108395003,0.0470299977238312,4.75040967180327e-14,0.956397919840153,0.621791500436436,0.861300112693761,0.58440851962502,0.918162782288752,0.295575640867427,0.177800805367231,0.183313072471873,0.310852070059428,0.366827633923736,0.214261914763755,0.378338402904886,0.0747872624394011,0.264639411936135,0.355256273959956,0.0968680270390484,-0.0204784188580116,0.0134923829848478,0.0433694551857422,0.352206398805057,0.438033622621078,0.409756752827852,0.54816470871375,0.4750552611962,0.258074272483522,0.100313962781047,0.269173792701062,0.281013773753873,0.339978855686073,0.0719183734109219,0,NA,4.34752650215736,1.20629760336901,-2.81280867692229,-2.34879258137697,-6.82973898429906,0.692712634509947,-6.28581871304686,-6.36468982468221,7.06835974514101,6.01826888909954,4.112168869658,15.5069871529567,19.0549975618496,13.7115434657339,10.2867356686476,32.1697947872374,22.2401949404886,-2.90693723015437,36.6825855823391,8.33615117706119,7.2822623718063,-0.0559755638643083
"GKA501",501,8953,2435848.50000001,196792.43750001,15098.1279296975,79212.61718751,1e-08,83734.48437501,22310.603515635,9114.7001953225,1484.84460450219,52050.22656251,88530.56250001,5657.43408204125,965040.43750001,2013298.00000001,252436.98437501,62999.73437501,63907.48828126,67641.90625001,37276.48437501,7252.13720704125,243930.21875001,12133.54687501,6988.79638672875,6303.14599610375,1e-08,1259592.75000001,1470350.12500001,309530.43750001,105522.39062501,578215.31250001,174219.40625001,46966.46875001,14231.642578135,134493.07812501,49469.95312501,58135.05078126,12472.6064453225,13839.2451171975,1e-08,78868.22656251,0,0,0,0,0,0,0,0,0,0,0,0,0,0,0,553986.038452259,9158488.07128928,457291.52343753,1e-08,103008.065307647,1e-08,10272773.6984867,103861.00781251,369493.37500001,1181153.62500001,70607.6572265825,799401.18750003,3039473.31250003,19122.3432617388,168825.87890628,3230775.42187503,1654508.00781253,3909482.15722664,3418723.64404305,0.107192697077518,0.223628807928342,0.0280396552784579,0.00709857925753297,0.00751338294712971,0.00414051758087621,0.00134774416087491,0.000776286572985245,0.000700127365798296,0.139910348670531,0.163320405469553,0.0343813597170737,0.0642257634291051,0.0193515704767367,0.00521684093421263,0.00645740079464975,0.00138540549443094,0.00153720606099395,0.131197655359013,0.041041794602027,0.0115364508221573,0.0578213710397022,3.28148854883498e-14,0.98825844163107,2.22287571594259,1.06293922982915,0.31282414681664,0.86709949730146,0.534034914484909,0.180652963123816,0.18443795308201,0.366407064733339,0.310714589900239,0.184595781724705,0.586136482996639,-0.0531114780660127,0.410847791214851,0.688122703437352,0.0604888093034631,0.0673618016318848,-0.0575979283405838,-0.194775869678253,0.279687547870501,0.5604569595497,0.538601059555138,0.675980262904557,0.610279685651003,0.346807856752778,0.0896244225199831,0.325040691034842,0.336066444993513,0.159806486725458,0.0600653404610089,0,NA,3.20418268695137,2.9535021858635,-0.59005334001912,-0.17714783957379,-3.93087936221439,0.0669885083578727,-3.85879342091102,-6.71316229081694,8.1350156428801,6.87188032313665,5.30363276293406,16.5172041776149,19.2122365062545,14.6722518152549,12.1385688244446,33.7324857736727,21.0498255763234,-3.38633111663453,33.8638922510406,10.6500474127602,8.85797111510515,0.0556924748330996
"GKA521",521,9103,938365.50000001,99179.52343751,5987.9580078225,13205.599609385,1e-08,58637.16015626,5695.66796876,16880.20312501,511.315582285391,116421.20312501,226446.85937501,11106.0322265725,901280.06250001,944814.25000001,171517.10937501,45742.35546876,103116.24218751,77403.64062501,84237.53125001,9959.8251953225,94732.26562501,28235.96484376,12646.26171876,21448.83203126,1e-08,888427.56250001,864605.81250001,297468.40625001,111903.99218751,782239.68750001,309334.71875001,54725.05859376,40214.97265626,58574.74609376,17535.025390635,117835.14062501,37108.04296876,28301.91796876,1e-08,31119.048828135,0,0,0,0,0,0,0,0,0,0,0,0,0,0,0,554071.522613636,7292178.80566428,184426.060546905,1e-08,19412.5831604304,1e-08,8050088.97198527,206765.45312501,529772.56250001,713039.12500001,154943.18359377,1146299.46484378,2050501.78125003,40882.22656252,264757.41406253,2017611.42187503,1449577.14062503,3351744.42968758,2323251.06250008,0.125625792762447,0.131693847570834,0.0239070780926753,0.0143729570978836,0.0107889812731948,0.011741529724157,0.00393569725493612,0.0017627114145783,0.00298966618686917,0.123834334625672,0.120513916973873,0.0414629213624027,0.109033235018928,0.0431169188011615,0.0076279051938003,0.0164245649850833,0.00517234044086422,0.00394489019501992,0.0993876477199528,0.0738428607454703,0.0288202025601956,0.0371409020483169,5.5344984883102e-14,0.954779356155288,0.437981448324097,0.983959848425516,0.74297825171936,0.935343154154316,0.255455957552863,0.198785188796941,0.207481430559889,0.350193576516936,0.402052774351999,0.239354054529155,0.248829085770004,0.00877633869865874,0.0865800192475045,0.274191778534864,0.0759816150124095,0.0274871238978581,0.0391674658493033,-0.00475731298197345,0.450324947646889,0.443238942751803,0.493205562900364,0.511790889340059,0.502738502105449,0.284902627483185,0.11528330019547,0.279261121473636,0.287560046514949,0.408696080077943,0.046751829252406,0,NA,5.83106343104063,2.44358798145765,-1.23875500355737,-0.810933093952952,-4.77689917734626,1.67769081610714,-4.96053076670218,-5.44598156139527,7.82371666912518,8.23181186709539,5.0356623097405,15.9988147080199,19.1625312705312,15.9392460627301,11.5981192172312,34.0075644352496,24.0826438719924,-3.21150297228662,37.6309421093182,8.86862338896838,8.14614740766118,-0.0518591978350622
"GKA541",541,9253,2140101.75000001,113510.57812501,4565.74072266625,16428.205078135,1e-08,56694.75000001,5032.67626954125,16091.666015635,732.757629404531,84666.31250001,181760.85937501,12431.775390635,1484940.00000001,1648145.25000001,216089.00000001,42003.42968751,65840.39062501,112847.82031251,49081.85156251,12983.2236328225,106931.26562501,9509.9501953225,12109.8017578225,4429.53955079125,1e-08,1955282.62500001,1635832.50000001,231868.75000001,189713.45312501,561269.06250001,508763.28125001,35649.42968751,16928.07421876,70429.32031251,14577.52343751,52222.76171876,38070.41406251,13117.1513671975,1e-08,70648.70312501,0,0,0,0,0,0,0,0,0,0,0,0,0,0,0,491915.321106067,10601183.2060549,248009.28906253,1e-08,22193.6389770808,1e-08,11363301.4552006,122784.83593751,478613.87500001,1137561.50000001,90293.17578127,1105681.77343753,3822983.87500003,21619.751953145,227770.06250003,3349174.25000003,1738960.21093753,5018958.82421883,3598564.0644532,0.143140132618078,0.158872230298097,0.020829803303372,0.00634665524916155,0.0108779155825782,0.00473122330989701,0.000916707430704119,0.00116731896884274,0.000426983500166524,0.188478601322831,0.157685348223472,0.0223508853051229,0.0541032823148918,0.049042010821538,0.00343641096153987,0.00503398995118022,0.0036697806764804,0.00126442198760357,0.109654736198917,0.0461357721795853,0.0118357897959406,0.0289807367764344,5.23936744758508e-14,0.978594915255418,0.624505069547533,0.876062876409596,0.420736703026611,0.949147463088284,0.284859659100419,0.16403454002609,0.167986371554549,0.300199875352676,0.312213914368675,0.258701836257649,0.521876838743814,0.0501491023156926,0.473373580404067,0.448528496404894,0.0464019262326405,-0.0203065381689539,0.0148393083889107,0.0201863417379442,0.251621489097554,0.489282666427513,0.455522154834844,0.526045453120051,0.488381899238093,0.248496099627678,0.0624578742120268,0.27587027031977,0.284296440754677,0.369496235584455,0.064017749208861,0,NA,3.05853584251359,0.871286079841648,-3.23900298713945,-2.76518687246391,-7.38557050409739,-0.15086207028465,-6.2810696496082,-7.0903968377579,6.86383760677137,5.25667565960015,4.00617297849308,15.4822896691439,18.5345099636573,12.5016806777576,9.93166251175585,30.4576628092984,20.2298033162727,-4.54141141385001,38.3929399624733,8.28237425486368,7.44782283289075,-0.012014039015999
"GKA561",561,9403,178345.51562501,30562.361328135,571.100219736563,2221.84375001,1e-08,24460.10546876,105.744255075918,16818.37890626,363.930419931875,81026.05468751,152780.68750001,11313.82812501,215813.78125001,330673.71875001,91718.96093751,11078.056640635,37798.93359376,40451.75781251,21783.333984385,2621.12500001,55474.74609376,12754.5166015725,7909.03955079125,6039.05322266625,1e-08,232505.23437501,235994.28125001,135362.45312501,44291.29296876,192920.51562501,135815.14062501,13920.2119140725,9030.2919921975,14814.435546885,21203.541015635,36747.85156251,21257.55078126,5618.88134766625,1e-08,18750.357421885,0,0,0,0,0,0,0,0,0,0,0,0,0,0,0,320224.034660449,2144950.87353538,89039.53906253,1e-08,2691.51842501779,1e-08,2556905.96568339,30303.89062501,124803.96093751,168425.26562501,58005.40234377,342655.868164093,603861.96875003,20663.5561523638,100034.025390655,638206.46093753,323533.11718753,1004523.23925789,758904.042480549,0.102836126896149,0.157567344891678,0.0437044504346371,0.0180113425058986,0.0192754238190216,0.0103798454615108,0.00607757799405261,0.00376868886760118,0.00287763292937843,0.110789670834361,0.11245221557597,0.0645007484040682,0.0919273945842281,0.0647164558020141,0.00663303645636288,0.0175104977288977,0.0101293076697014,0.00267741935633679,0.0802553103328765,0.0594695847956242,0.0144399246596324,0.059378169834052,1.38098760812853e-13,0.902268796073321,0.200040737008288,1.05687473953459,0.741004982087304,0.989257645615286,0.203208465550099,0.150834744599196,0.159828376452383,0.323041931930008,0.308928872786325,0.228262487064623,0.255382726422009,-0.114288700376768,0.101018422716608,0.190825894951566,0.149292013449542,0.0220949404768399,0.0279683674237281,-0.101741528501349,0.442109895463683,0.514514003480231,0.503723639788982,0.605089263249384,0.558300738114428,0.273087681143378,0.182825204018463,0.348669603749347,0.354878587200299,0.477105622824381,0.0689470216717282,0,NA,4.31665961121108,1.58966875919874,-2.32509230348039,-1.87229088085599,-6.1936719918922,0.402180435780803,-5.10951679462491,-6.93757689693901,7.30240509305615,7.4107768753275,4.93785048650087,16.7039669726928,19.7151172674228,14.8650457559631,10.6930643976669,36.1106344371441,23.2963496170674,-4.24923898678106,40.6070220379638,8.15016861426678,5.97622195168314,0.014113059143683
"GKA581",581,9553,49007.60546876,7727.61328126,31.0573711495264,27.749095926748,1e-08,6568.43505860375,17.7685432534082,3535.94311524437,16.2200050454004,18642.185546885,37639.82421876,2347.82495118188,45537.06250001,41836.85156251,12346.3955078225,2301.60815430688,8668.2021484475,6024.7119140725,2984.64233399437,3206.04541016625,12911.2373046975,3312.11669922875,1458.37512208031,1200.23767090844,1e-08,40554.78125001,34823.70312501,21746.275390635,4740.26318360375,46910.77734376,12756.634765635,2450.7607421975,484.327270517812,5312.71533204125,3226.9462890725,6171.81689454125,2197.55444336938,1673.66418458031,1e-08,1506.41284180688,0,0,0,0,0,0,0,0,0,0,0,0,0,0,0,76554.6211873201,358702.861694556,19730.3654785456,1e-08,61.7376442255566,1e-08,455049.586004667,6053.810546885,21628.291015635,30992.181640635,8369.37133791063,62118.1728515925,97124.759765655,4770.49182130906,17677.5563965144,99720.3095703425,58674.283203155,167612.303955158,122168.357788166,0.12961378752277,0.119081743339146,0.0351419919548529,0.0246726171999576,0.0171483553625428,0.00849529539393818,0.00942739752052207,0.00415102584190118,0.00341627988089738,0.115432540251582,0.099119965360086,0.0618972099461353,0.133523841753313,0.0363096707877947,0.0069756889151175,0.0175670655874725,0.0062549786713303,0.00476381088491631,0.0882141672189652,0.061561386753494,0.0172311798532653,0.0796968753872451,5.59814850043683e-13,0.858218174992862,0.205304180921453,1.02672387361318,0.697862811544617,0.997512078582432,0.202210929407876,0.163573501828144,0.174493511621403,0.296561346718893,0.390409628270727,0.279036084367032,0.213317518720631,0.0466815885479928,0.0186530062073109,0.281962632641549,0.213420714921723,-0.01519689010325,0.0530007718896096,0.0503900514793544,0.489264116827319,0.395991233562308,0.4619846553528,0.478825425316003,0.471025652607757,0.264700342657579,0.173195452715477,0.284593343138892,0.294155023920096,0.491672790420578,0.058713752869141,0,NA,5.00978852911752,0.756854354309187,-3.38458051777709,-2.90741695675847,-7.57542892820816,0.876931299699163,-6.1398900735528,-6.45663146296992,6.79397785700275,7.56428411211689,4.99324695436948,15.4766671161933,19.4910386298236,14.0884138599646,9.8103782239631,34.3394390293218,22.896898913282,-4.67770460373488,41.0626667377502,8.64481356108551,5.9252642728931,-0.0938482815518336
"GKA600",600,9696,16059.73046876,8131.0517578225,500.091003427969,328.571411142812,1e-08,7884.2998046975,1e-08,4116.611328135,1e-08,14984.35156251,30962.39453126,2263.13305665062,26815.150390635,28996.74218751,5396.04736329125,999.229064951406,4825.35937501,4084.42333985375,3335.66870118187,349.998840342031,6105.09765626,1983.10180665063,1300.33178711938,1451.59594727563,1e-08,22079.26562501,22569.06250001,9358.8544921975,3162.61743165062,22368.57812501,9168.1416015725,1141.98999024438,343.790893564687,1484.98083497094,1155.69885254906,2655.78295899437,987.833740244375,1445.57006836938,1e-08,5573.40283204125,0,0,0,0,0,0,0,0,0,0,0,0,0,0,0,69170.5044556764,202596.942260962,13163.4813232722,1e-08,328.571411162812,1e-08,285259.499451094,3409.03637696312,11743.06250001,15866.66406251,3643.61669923874,32678.7097168269,54007.1826172175,3283.43359377001,12245.4514160456,61207.9399414362,31018.7629394831,90329.5090332831,76736.8249512519,0.133420481978975,0.144275130369167,0.0268483759928168,0.0240088817014595,0.0203223074519762,0.0165968312446719,0.00986704885120125,0.00646988330263627,0.00722250772801485,0.109856786872971,0.112293802298293,0.0465655742716317,0.111296279571324,0.0456166701850942,0.00568204364674318,0.0132140166010155,0.00491502944486665,0.00719252558522219,0.07894559365805,0.0584283524737473,0.0169618767701235,0.0912576302214838,4.84682719972103e-13,0.808926218077921,0.262610559710209,1.13332962349203,0.74010910256534,0.966127985358188,0.273386198595614,0.153105780340595,0.16581539037335,0.295592625174135,0.334468205021312,0.295131413573191,0.227254672850223,-0.0369709469858608,0.046262590018155,0.264356054157414,0.341419291346356,-0.00715272331655065,0.0267467090266506,-0.0231025359545519,0.473394266238306,0.453932370092862,0.505485052806776,0.519544148174338,0.513295753548901,0.245003079679366,0.128063934037629,0.290998152065245,0.297118906630831,0.447624240634248,0.0681142850376913,0,NA,4.6617431065131,0.726388061726558,-3.42333906678284,-2.94528428194305,-7.62597681841361,0.556336850597906,-5.91762974523629,-6.80851466288833,6.7753784033434,7.47484843694799,4.93190369281001,15.8397994210716,19.396559825652,13.9734456005279,9.77808750580452,34.5363545136844,22.57842005463,-5.11474809590456,39.330264791772,8.33013087951893,5.97519254224821,-0.038875579847177
